branch_name	last_commit_date	sha	merged_into_main	category	classification
admiring-gagarin	2025-12-15	42129192	no	cursor_name	MANUAL_REVIEW_REQUIRED
adoring-margulis	2025-12-12	3a6bee28	no	cursor_name	MANUAL_REVIEW_REQUIRED
affectionate-kilby	2025-12-17	11f108cf	no	cursor_name	MANUAL_REVIEW_REQUIRED
affectionate-margulis	2025-12-12	3a6bee28	no	cursor_name	MANUAL_REVIEW_REQUIRED
agitated-darwin	2025-12-12	3a6bee28	no	cursor_name	MANUAL_REVIEW_REQUIRED
analysis/missing-features-cursor-ma	2026-02-11	cc79fd6a	no	analysis	MANUAL_REVIEW_REQUIRED
backup/docs/ev-strategy-risk-telemetry-20260129_20260130T160236Z	2026-01-30	4d914c52	no	backup	SAFE_ARCHIVE_KEEP_LOCAL_FOR_NOW
backup/docs_merge-log-1063_20260130T162733Z	2026-01-30	de6016e3	no	backup	ACTIVE_DO_NOT_TOUCH
backup/docs_merge-log-1067_20260130T162738Z	2026-01-30	1ac08df0	no	backup	ACTIVE_DO_NOT_TOUCH
backup/local-main-diverged-2026-01-03_023911	2026-01-03	49930fe1	no	backup	SAFE_ARCHIVE_KEEP_LOCAL_FOR_NOW
backup/local-main-pre-sync-770_20260118_014415Z	2026-01-18	8206a76e	no	backup	SAFE_ARCHIVE_KEEP_LOCAL_FOR_NOW
backup/pr394-before-squash	2025-12-27	c5fc8d0a	no	backup	SAFE_ARCHIVE_KEEP_LOCAL_FOR_NOW
backup/pr60-local-34ac928c	2026-01-04	34ac928c	no	backup	SAFE_ARCHIVE_KEEP_LOCAL_FOR_NOW
backup/pr642-pre-rebase-20260111-1814	2026-01-10	b1e8e63a	no	backup	SAFE_ARCHIVE_KEEP_LOCAL_FOR_NOW
backup/slice2-staged-20260122T005833	2026-01-22	7b817a01	no	backup	SAFE_ARCHIVE_KEEP_LOCAL_FOR_NOW
chore/ai-matrix-gate-pass-line	2026-02-06	e3ef4021	no	chore	ACTIVE_DO_NOT_TOUCH
chore/audit-formatter-alignment	2025-12-26	e75d4da4	no	chore	MANUAL_REVIEW_REQUIRED
chore/g3_5-policy-critic-synthetic-cycles	2025-12-12	405503d8	no	chore	MANUAL_REVIEW_REQUIRED
chore/ignore-grafana-verify-evidence	2026-02-01	f59e1d30	no	chore	MANUAL_REVIEW_REQUIRED
chore/repo-cleanup-structure-v1	2025-12-25	bbb1758f	no	chore	MANUAL_REVIEW_REQUIRED
ci/ai-matrix-gate-required	2026-02-06	5784aa04	no	ci	ACTIVE_DO_NOT_TOUCH
ci/aiops-artifacts-skip-marker	2026-02-06	987e7356	no	ci	MANUAL_REVIEW_REQUIRED
ci/fix-aiops-promptfoo-evals-secrets-context	2026-02-06	35f5eefe	no	ci	MANUAL_REVIEW_REQUIRED
ci/phase4a-evidence-pack-gate	2026-01-17	1aee43d6	no	ci	MANUAL_REVIEW_REQUIRED
ci/pragmatic-ci-fastlane-pr-gate	2026-02-07	ccc621fc	no	ci	MANUAL_REVIEW_REQUIRED
ci/retrigger-export-pack-verify	2026-02-23	4c388af7	no	ci	ACTIVE_DO_NOT_TOUCH
clever-saha	2025-12-18	1aafbde4	no	cursor_name	MANUAL_REVIEW_REQUIRED
config/l3-scope-schema-align	2026-02-06	8da9f9c5	no	config	MANUAL_REVIEW_REQUIRED
cool-joliot	2025-12-15	254c2cbb	no	cursor_name	MANUAL_REVIEW_REQUIRED
dazzling-taussig	2025-12-18	dd86f252	no	cursor_name	MANUAL_REVIEW_REQUIRED
docs/docs-health-fix_targets_tokenpolicy	2026-01-27	d1012708	no	docs	ACTIVE_DO_NOT_TOUCH
docs/gatepacks-merge-readiness	2026-02-03	294415c9	no	docs	MANUAL_REVIEW_REQUIRED
docs/merge-log-1067	2026-01-30	f164b212	no	docs	ACTIVE_DO_NOT_TOUCH
docs/merge-log-pr-1003	2026-01-27	3098ed86	no	docs	ACTIVE_DO_NOT_TOUCH
docs/merge-log-pr-1005	2026-01-27	787c8b3b	no	docs	ACTIVE_DO_NOT_TOUCH
docs/merge-logs-936-937	2026-02-12	19af8828	no	docs	ACTIVE_DO_NOT_TOUCH
docs/obs-grafana-runbook	2026-02-06	9a731fa6	no	docs	MANUAL_REVIEW_REQUIRED
docs/obs-runbook-token-policy	2026-02-07	9ad0be3d	no	docs	ACTIVE_DO_NOT_TOUCH
docs/obs-shadow-pipeline-mvs	2026-01-17	49082e21	no	docs	MANUAL_REVIEW_REQUIRED
docs/ops-doctor-registry-guardrail-clean	2025-12-25	9358f8f4	no	docs	MANUAL_REVIEW_REQUIRED
docs/persist-p4c-todo	2026-02-20	bef34f4b	no	docs	ACTIVE_DO_NOT_TOUCH
docs/phase-d8-merge-order-drill	2026-02-03	7f1d777c	no	docs	MANUAL_REVIEW_REQUIRED
docs/phase9c-broken-targets-wave5	2026-01-14	1173f622	no	docs	MANUAL_REVIEW_REQUIRED
docs/project-summary-v2_20260127	2026-01-27	5b914053	no	docs	ACTIVE_DO_NOT_TOUCH
docs/risk-layer-phase0-alignment	2025-12-27	dc62c788	no	docs	MANUAL_REVIEW_REQUIRED
docs/runbook-ci-triage-required-checks-tls-fallback	2026-02-05	5d523577	no	docs	MANUAL_REVIEW_REQUIRED
docs/runbook-cursor-ma-phases-21-24	2026-02-05	e07eb290	no	docs	MANUAL_REVIEW_REQUIRED
docs/runbook-cursor-ma-phases-33-36	2026-02-05	7d048c06	no	docs	MANUAL_REVIEW_REQUIRED
docs/runbook-docs-reference-targets-summary	2026-02-12	ebc1ceb0	no	docs	ACTIVE_DO_NOT_TOUCH
docs/runbook-phase40-publish-workflow	2026-02-05	504d713b	no	docs	MANUAL_REVIEW_REQUIRED
docs/runbook-phase42-gate-quick-fixes	2026-02-05	af596ce6	no	docs	MANUAL_REVIEW_REQUIRED
docs/runbook-phase46-cross-machine-verification	2026-02-05	48b558dc	no	docs	MANUAL_REVIEW_REQUIRED
docs/spec-project-summary-outline-v2	2026-01-27	e6d9211c	no	docs	ACTIVE_DO_NOT_TOUCH
dreamy-fermi	2025-12-16	516f1038	no	cursor_name	MANUAL_REVIEW_REQUIRED
dreamy-joliot	2025-12-16	0aa603b0	no	cursor_name	MANUAL_REVIEW_REQUIRED
elastic-meitner	2025-12-17	11f108cf	no	cursor_name	MANUAL_REVIEW_REQUIRED
elegant-austin	2025-12-15	42129192	no	cursor_name	MANUAL_REVIEW_REQUIRED
eloquent-moser	2025-12-16	1c09f46a	no	cursor_name	MANUAL_REVIEW_REQUIRED
evidence-index-v0.1	2026-01-07	8f1f105b	no	other	MANUAL_REVIEW_REQUIRED
exciting-tu	2025-12-18	c295ee60	no	cursor_name	MANUAL_REVIEW_REQUIRED
feat/activation-gates-doubleplay-leverage-prh	2026-02-20	5a29b8fd	no	feat	MANUAL_REVIEW_REQUIRED
feat/ai-layer-canonical-spec-v1	2026-03-07	ad3ca912	no	feat	MANUAL_REVIEW_REQUIRED
feat/ai-unknown-reduction-v1	2026-03-07	da97a2e3	no	feat	ACTIVE_DO_NOT_TOUCH
feat/aiops-trendledger-artifact-name-hotfix	2026-02-13	f5b96104	no	feat	ACTIVE_DO_NOT_TOUCH
feat/aiops-trendledger-watch-and-sync-nonblocking	2026-02-13	187dc093	no	feat	MANUAL_REVIEW_REQUIRED
feat/ci-audit-scale-phase-a	2026-02-18	88ec7f4d	no	feat	MANUAL_REVIEW_REQUIRED
feat/ci-paper-session-audit-evidence	2026-02-18	9abed737	no	feat	MANUAL_REVIEW_REQUIRED
feat/ci-paper-session-contract-harden	2026-02-18	24b5ca96	no	feat	MANUAL_REVIEW_REQUIRED
feat/ci-paper-tests-audit-evidence	2026-02-18	985af37d	no	feat	MANUAL_REVIEW_REQUIRED
feat/ci-required-checks-docs-only-trigger-fix	2026-02-13	eb7b7318	no	feat	ACTIVE_DO_NOT_TOUCH
feat/ci-trigger-required-checks-20260223T181348Z	2026-02-23	26d96204	no	feat	MANUAL_REVIEW_REQUIRED
feat/ci-trigger-required-checks-20260223T184921Z	2026-02-23	f5415546	no	feat	MANUAL_REVIEW_REQUIRED
feat/ci-trigger-required-checks-20260224T174419Z	2026-02-24	0568548a	no	feat	MANUAL_REVIEW_REQUIRED
feat/critic-proposer-boundary-spec-v1	2026-03-07	48854fab	no	feat	ACTIVE_DO_NOT_TOUCH
feat/critic-runtime-resolution-v2	2026-03-07	5dcba9cb	no	feat	ACTIVE_DO_NOT_TOUCH
feat/cursor-api-automerge-fallback	2026-02-10	4f5dbc03	no	feat	MANUAL_REVIEW_REQUIRED
feat/cursor-automation-smoke	2026-02-10	3d9ddeb1	no	feat	MANUAL_REVIEW_REQUIRED
feat/docs-required-check-deadlocks-runbook	2026-02-23	347ede97	no	feat	ACTIVE_DO_NOT_TOUCH
feat/double-play-specialists-prg	2026-02-20	9587384b	no	feat	MANUAL_REVIEW_REQUIRED
feat/dynamic-leverage-contract-prd	2026-02-20	240269c6	no	feat	MANUAL_REVIEW_REQUIRED
feat/evidence-include-decision-envelope-v1	2026-02-18	cda6ede2	no	feat	MANUAL_REVIEW_REQUIRED
feat/execution-adjacent-ai-boundary-spec-v1	2026-03-07	165e194c	no	feat	ACTIVE_DO_NOT_TOUCH
feat/execution-hardening-edgecases-v1	2026-03-06	7e40841a	no	feat	MANUAL_REVIEW_REQUIRED
feat/execution-ledger-slice2	2026-02-12	c1c1f729	no	feat	ACTIVE_DO_NOT_TOUCH
feat/ft1-archive-position-sizer-backup	2026-02-28	7ce2af17	no	feat	MANUAL_REVIEW_REQUIRED
feat/ft2-orphan-keep-smoke-tests	2026-02-28	6587e6d4	no	feat	MANUAL_REVIEW_REQUIRED
feat/full-scan-wave3-branch-archive-review	2026-03-10	d2b81d58	no	feat	ACTIVE_DO_NOT_TOUCH
feat/grafana-compare-pack-v0_1-rebased	2026-01-23	35767193	no	feat	MANUAL_REVIEW_REQUIRED
feat/grafana-purge	2026-02-23	991175fe	no	feat	ACTIVE_DO_NOT_TOUCH
feat/grafana-purge-v2	2026-02-23	2f70528f	no	feat	ACTIVE_DO_NOT_TOUCH
feat/hard-disable-metrics-export	2026-02-23	b1e6cf50	no	feat	ACTIVE_DO_NOT_TOUCH
feat/ingress-a4-evidence-capsules	2026-02-08	1b7f43fe	no	feat	MANUAL_REVIEW_REQUIRED
feat/live-dynamic-leverage-integration	2026-02-20	70e27f84	no	feat	MANUAL_REVIEW_REQUIRED
feat/live-exec-wp0c-governance	2025-12-29	50bf078b	no	feat	MANUAL_REVIEW_REQUIRED
feat/live-gates-test-suite-prb	2026-02-19	4635b4e6	no	feat	MANUAL_REVIEW_REQUIRED
feat/live-ops-evidence-chain	2026-02-03	54304198	no	feat	MANUAL_REVIEW_REQUIRED
feat/local-docker-safe-start-guardrails	2026-03-08	6cbfd68f	no	feat	MANUAL_REVIEW_REQUIRED
feat/missing-features-and-ai-matrix-gate	2026-02-10	a51461b5	no	feat	MANUAL_REVIEW_REQUIRED
feat/nowcast-v1-hardening-mu-bp	2026-02-18	ae767f56	no	feat	MANUAL_REVIEW_REQUIRED
feat/operator-wiring-e2e-smoke-pri	2026-02-20	ad012dd6	no	feat	MANUAL_REVIEW_REQUIRED
feat/ops-add-e2e-verification-runner	2026-03-03	f602b605	no	feat	ACTIVE_DO_NOT_TOUCH
feat/ops-add-run-pipeline-smoke-script	2026-03-01	d719bdbc	no	feat	ACTIVE_DO_NOT_TOUCH
feat/ops-cockpit-v2-4-ux-finishes	2026-03-08	e366fc29	no	feat	MANUAL_REVIEW_REQUIRED
feat/ops-cockpit-v2-5-freshness	2026-03-08	922f7dbf	no	feat	ACTIVE_DO_NOT_TOUCH
feat/ops-cockpit-v2-6-freshness-legend	2026-03-08	9a492f71	no	feat	ACTIVE_DO_NOT_TOUCH
feat/ops-cockpit-v2-7-source-filter-chips	2026-03-08	70aa83c5	no	feat	MANUAL_REVIEW_REQUIRED
feat/ops-cockpit-v2-8-compact-source-summary	2026-03-08	ff793659	no	feat	ACTIVE_DO_NOT_TOUCH
feat/ops-cockpit-v2-9-visual-emphasis	2026-03-08	f16c0166	no	feat	ACTIVE_DO_NOT_TOUCH
feat/ops-done-format-enrich-counts	2026-03-04	32507b48	no	feat	MANUAL_REVIEW_REQUIRED
feat/ops-done-newline-fix	2026-03-04	0f3a44d1	no	feat	MANUAL_REVIEW_REQUIRED
feat/ops-done-registry-jsonl	2026-03-04	18539f5b	no	feat	MANUAL_REVIEW_REQUIRED
feat/ops-e2e-runner-workflow-detect-fix	2026-03-03	d814145c	no	feat	ACTIVE_DO_NOT_TOUCH
feat/ops-gh-inventory-runner	2026-03-05	e4ac5a37	no	feat	ACTIVE_DO_NOT_TOUCH
feat/ops-incident-runbooks-v1	2026-03-06	01d50587	no	feat	MANUAL_REVIEW_REQUIRED
feat/ops-launchagent-modes	2026-03-05	421459b8	no	feat	ACTIVE_DO_NOT_TOUCH
feat/ops-live-pilot-caps-scaffold	2026-03-05	12431e06	no	feat	ACTIVE_DO_NOT_TOUCH
feat/ops-live-pilot-exec-wrapper	2026-03-05	90281e60	no	feat	ACTIVE_DO_NOT_TOUCH
feat/ops-long-run-hygiene-v1	2026-03-06	10e3b6ba	no	feat	MANUAL_REVIEW_REQUIRED
feat/ops-morning-one-shot-pull-prbg	2026-03-03	4f22da2f	no	feat	MANUAL_REVIEW_REQUIRED
feat/ops-no-knall-scheduled-ci	2026-02-19	cced0c6e	no	feat	MANUAL_REVIEW_REQUIRED
feat/ops-operator-all-wrapper	2026-03-04	6bc351d4	no	feat	ACTIVE_DO_NOT_TOUCH
feat/ops-prk-dashboard-fetcher	2026-02-23	a0cff32c	no	feat	ACTIVE_DO_NOT_TOUCH
feat/ops-registry-alerts-gate	2026-03-04	b0a19aa7	no	feat	ACTIVE_DO_NOT_TOUCH
feat/ops-registry-trend-report	2026-03-04	a7e93c2c	no	feat	ACTIVE_DO_NOT_TOUCH
feat/ops-remove-all-ci-trigger-full-checks	2026-03-05	59248426	no	feat	ACTIVE_DO_NOT_TOUCH
feat/ops-remove-ci-trigger-pr1565	2026-02-22	1699b4c3	no	feat	ACTIVE_DO_NOT_TOUCH
feat/ops-remove-ci-trigger-pr1594	2026-02-24	f0e1974b	no	feat	MANUAL_REVIEW_REQUIRED
feat/ops-remove-ci-trigger-pr1600	2026-02-24	00b4f9e8	no	feat	ACTIVE_DO_NOT_TOUCH
feat/ops-remove-ci-trigger-pr1601	2026-02-25	c952b950	no	feat	ACTIVE_DO_NOT_TOUCH
feat/ops-remove-ci-trigger-pr1603	2026-02-25	532cd2ea	no	feat	ACTIVE_DO_NOT_TOUCH
feat/ops-remove-ci-trigger-pr1605	2026-02-25	514dbfa7	no	feat	ACTIVE_DO_NOT_TOUCH
feat/ops-remove-ci-trigger-pr1606	2026-02-25	83780ba8	no	feat	ACTIVE_DO_NOT_TOUCH
feat/ops-remove-ci-trigger-pr1609	2026-02-25	90151300	no	feat	ACTIVE_DO_NOT_TOUCH
feat/ops-remove-ci-trigger-pr1628	2026-02-28	09a7a389	no	feat	MANUAL_REVIEW_REQUIRED
feat/ops-remove-ci-trigger-pr1634	2026-03-01	508b6fd8	no	feat	ACTIVE_DO_NOT_TOUCH
feat/ops-remove-ci-trigger-pr1636	2026-03-01	2dd868e6	no	feat	ACTIVE_DO_NOT_TOUCH
feat/ops-remove-ci-trigger-pr1637	2026-03-01	4136935c	no	feat	ACTIVE_DO_NOT_TOUCH
feat/ops-remove-ci-trigger-pr1686	2026-03-05	bdffbcb9	no	feat	MANUAL_REVIEW_REQUIRED
feat/ops-remove-trampoline-pr1564	2026-02-22	f3284a05	no	feat	ACTIVE_DO_NOT_TOUCH
feat/ops-remove-trampoline-pr1566	2026-02-23	234b417b	no	feat	ACTIVE_DO_NOT_TOUCH
feat/ops-restore-todo-to-docs-script	2026-02-20	2087dfdd	no	feat	ACTIVE_DO_NOT_TOUCH
feat/ops-run-testnet-evidence-flow-script	2026-02-25	7ca7c36b	no	feat	ACTIVE_DO_NOT_TOUCH
feat/ops-status-prbi-latest-prefer	2026-03-03	8dd53a1d	no	feat	ACTIVE_DO_NOT_TOUCH
feat/p101-ops-workbook-a2z-v1	2026-02-16	187b3743	no	feat	ACTIVE_DO_NOT_TOUCH
feat/p103-p91-launchd-dynamic-outdir-v1	2026-02-16	9b13f85b	no	feat	ACTIVE_DO_NOT_TOUCH
feat/p104-soak-watch-v1	2026-02-16	2f34758e	no	feat	ACTIVE_DO_NOT_TOUCH
feat/p105-exchange-execution-workbook-v1	2026-02-16	9f2ab28b	no	feat	ACTIVE_DO_NOT_TOUCH
feat/p106-execution-adapter-cap-matrix-v1	2026-02-16	f3286ae8	no	feat	ACTIVE_DO_NOT_TOUCH
feat/p108-okx-adapter-v1-mocks-only	2026-02-17	7dd3e44e	no	feat	ACTIVE_DO_NOT_TOUCH
feat/p109-bybit-adapter-v1-mocks-only	2026-02-17	8be6beaf	no	feat	ACTIVE_DO_NOT_TOUCH
feat/p110-execution-adapter-matrix-smoke-v1	2026-02-17	37e33b7e	no	feat	ACTIVE_DO_NOT_TOUCH
feat/p112-execution-router-v1-mocks-only	2026-02-17	762994c4	no	feat	ACTIVE_DO_NOT_TOUCH
feat/p113-execution-router-cli-v1	2026-02-17	8b7c5459	no	feat	ACTIVE_DO_NOT_TOUCH
feat/p114-execution-router-wiring-v1	2026-02-17	27cd7e8f	no	feat	ACTIVE_DO_NOT_TOUCH
feat/p115-execution-session-runner-v1-mocks-only	2026-02-17	595ac238	no	feat	ACTIVE_DO_NOT_TOUCH
feat/p116-execution-session-evidence-v1	2026-02-17	e946d371	no	feat	ACTIVE_DO_NOT_TOUCH
feat/p117-ops-loop-execution-evidence-hook-v1	2026-02-17	ee36b2f0	no	feat	ACTIVE_DO_NOT_TOUCH
feat/p119-execution-wiring-plan-v1	2026-02-17	9bdf213b	no	feat	ACTIVE_DO_NOT_TOUCH
feat/p120-sha256sums-style-guard	2026-02-17	55f66c3b	no	feat	ACTIVE_DO_NOT_TOUCH
feat/p121-execution-wiring-proof-v1	2026-02-17	9bb8fea7	no	feat	ACTIVE_DO_NOT_TOUCH
feat/p125-execution-networked-transport-gate-v1	2026-02-17	eaa98ef8	no	feat	MANUAL_REVIEW_REQUIRED
feat/p129-execution-networked-onramp-cli-v1	2026-02-17	f58dc427	no	feat	ACTIVE_DO_NOT_TOUCH
feat/p133-exec-net-rate-limit-backoff-v1	2026-02-17	001d189a	no	feat	MANUAL_REVIEW_REQUIRED
feat/p134-shadow-readonly-intents	2026-02-17	3106d43f	no	feat	MANUAL_REVIEW_REQUIRED
feat/p135-exec-net-readonly-evidence-pack-v1	2026-02-17	e1a1d744	no	feat	MANUAL_REVIEW_REQUIRED
feat/p137-exec-net-shadow-readonly-finish-pack-v1	2026-02-17	7c2bb0ef	no	feat	MANUAL_REVIEW_REQUIRED
feat/p138-scaffold	2026-02-17	0059f7b2	no	feat	MANUAL_REVIEW_REQUIRED
feat/p139-exec-net-scaffold	2026-02-17	2c37fb97	no	feat	MANUAL_REVIEW_REQUIRED
feat/p141-exec-net-paper-runner-onramp-v1	2026-02-17	37655d1d	no	feat	MANUAL_REVIEW_REQUIRED
feat/p22-roadmap-gate-fix	2026-02-12	823dfb2b	no	feat	ACTIVE_DO_NOT_TOUCH
feat/p23-backtest-execution-fillmodel-v1	2026-02-12	bd3e2d9f	no	feat	MANUAL_REVIEW_REQUIRED
feat/p31-backtest-metrics-v1	2026-02-13	581f9743	no	feat	ACTIVE_DO_NOT_TOUCH
feat/p37-bundle-index-v1	2026-02-13	8ed30896	no	feat	ACTIVE_DO_NOT_TOUCH
feat/p40-backtest-runner-cli-v1	2026-02-13	1c32b530	no	feat	MANUAL_REVIEW_REQUIRED
feat/p42-ci-ops-scaffold	2026-02-13	bf2b4546	no	feat	MANUAL_REVIEW_REQUIRED
feat/p44-pr-ops-runbook-v1	2026-02-13	1835e39b	no	feat	MANUAL_REVIEW_REQUIRED
feat/p45-pr-ops-entrypoint-v1	2026-02-13	0f62ecd7	no	feat	MANUAL_REVIEW_REQUIRED
feat/p46-pr-ops-v1-canonical	2026-02-13	9fc8b5cf	no	feat	ACTIVE_DO_NOT_TOUCH
feat/p46-trend-ledger-hardening-v2	2026-02-13	9a005c4b	no	feat	ACTIVE_DO_NOT_TOUCH
feat/p47-ci-pr-gate-health-v1	2026-02-13	a7ca6949	no	feat	ACTIVE_DO_NOT_TOUCH
feat/p48-ai-activation-gate-v1	2026-02-15	4bd576ee	no	feat	ACTIVE_DO_NOT_TOUCH
feat/p49-p49-ai-model-hard-gate-v1	2026-02-15	67535fdc	no	feat	ACTIVE_DO_NOT_TOUCH
feat/p50-ai-model-enablement-policy-v1	2026-02-15	5fcdd2a8	no	feat	ACTIVE_DO_NOT_TOUCH
feat/p50-policy-dry-validate-script	2026-02-15	d9e5def6	no	feat	ACTIVE_DO_NOT_TOUCH
feat/p52-ai-switch-layer-v1	2026-02-15	e936e223	no	feat	ACTIVE_DO_NOT_TOUCH
feat/p53-ai-switch-layer-orch-hook-v1	2026-02-15	c117b9af	no	feat	ACTIVE_DO_NOT_TOUCH
feat/p55-switch-layer-e2e-gated-v1	2026-02-15	5cbc8b60	no	feat	MANUAL_REVIEW_REQUIRED
feat/p56-switch-layer-allowlist-routing-v1	2026-02-15	b0443ff4	no	feat	MANUAL_REVIEW_REQUIRED
feat/p57-switch-layer-paper-shadow-integration-v1	2026-02-15	01710b55	no	feat	ACTIVE_DO_NOT_TOUCH
feat/p58-switch-layer-online-readiness-v1	2026-02-15	106a79ba	no	feat	MANUAL_REVIEW_REQUIRED
feat/p59-ops-returntype-normalize-v1	2026-02-15	20719c28	no	feat	ACTIVE_DO_NOT_TOUCH
feat/p5b-evidence-validator-required	2026-02-19	da4f4ef5	no	feat	MANUAL_REVIEW_REQUIRED
feat/p5b-kickoff-20260211	2026-02-11	78b83bb6	no	feat	ACTIVE_DO_NOT_TOUCH
feat/p61-online-readiness-contract-v1	2026-02-15	f414d25b	no	feat	MANUAL_REVIEW_REQUIRED
feat/p62-online-readiness-shadow-session-v1	2026-02-15	63a387a3	no	feat	MANUAL_REVIEW_REQUIRED
feat/p63-online-readiness-shadow-runner-v1	2026-02-15	5f79428c	no	feat	MANUAL_REVIEW_REQUIRED
feat/p67-shadow-session-scheduler-v1	2026-02-15	93fbbe99	no	feat	MANUAL_REVIEW_REQUIRED
feat/p68-p68-shadow-loop-runbook-v1	2026-02-15	0444b718	no	feat	MANUAL_REVIEW_REQUIRED
feat/p69-repo-clean-baseline-pin-v1	2026-02-16	dc0ab35a	no	feat	ACTIVE_DO_NOT_TOUCH
feat/p7-kickoff-20260211	2026-02-11	7c47cdea	no	feat	ACTIVE_DO_NOT_TOUCH
feat/p7-paper-sim-core	2026-02-19	9a4a97a6	no	feat	MANUAL_REVIEW_REQUIRED
feat/p7-reconciliation-checks-20260211	2026-02-11	94513ac4	no	feat	ACTIVE_DO_NOT_TOUCH
feat/p72-shadowloop_pack_v1	2026-02-16	f4dfd00f	no	feat	MANUAL_REVIEW_REQUIRED
feat/p74-p72-pack-env-contract-v1	2026-02-16	71cf01f8	no	feat	ACTIVE_DO_NOT_TOUCH
feat/p76-online-readiness-go-no-go-v1	2026-02-16	e526d0fd	no	feat	MANUAL_REVIEW_REQUIRED
feat/p77-online-readiness-daemon-v1	2026-02-16	01f726df	no	feat	MANUAL_REVIEW_REQUIRED
feat/p78-online-readiness-supervisor-v1	2026-02-16	b7605aae	no	feat	MANUAL_REVIEW_REQUIRED
feat/p79-supervisor-health-drift-guard-v1	2026-02-16	587ef768	no	feat	ACTIVE_DO_NOT_TOUCH
feat/p82-supervisor-service-units-v1	2026-02-16	c9199845	no	feat	ACTIVE_DO_NOT_TOUCH
feat/p83-final-done-pin-v1	2026-02-16	72dbd541	no	feat	MANUAL_REVIEW_REQUIRED
feat/p84-service-units-safe-defaults-v1	2026-02-23	1728566e	no	feat	ACTIVE_DO_NOT_TOUCH
feat/p85-live-data-ingest-readiness-v1	2026-02-16	856fcfbe	no	feat	MANUAL_REVIEW_REQUIRED
feat/p86-online-readiness-plus-ingest-gate-v1	2026-02-16	397b3c9e	no	feat	MANUAL_REVIEW_REQUIRED
feat/p90-supervisor-metrics-v1	2026-02-16	dc2f4968	no	feat	ACTIVE_DO_NOT_TOUCH
feat/p91-doc-output-location-v1	2026-02-17	0163d459	no	feat	ACTIVE_DO_NOT_TOUCH
feat/p92-p91-audit-snapshot-retention-v1	2026-02-16	cef9485f	no	feat	ACTIVE_DO_NOT_TOUCH
feat/p93-online-readiness-status-dashboard-v1	2026-02-16	ead539d9	no	feat	MANUAL_REVIEW_REQUIRED
feat/p95-ops-health-meta-gate-v1	2026-02-16	8054bdf4	no	feat	MANUAL_REVIEW_REQUIRED
feat/p96-p91-kickstart-when-ready-v1	2026-02-16	2a462f8c	no	feat	ACTIVE_DO_NOT_TOUCH
feat/p99-ops-loop-cli-launchd-v1	2026-02-16	ab073574	no	feat	ACTIVE_DO_NOT_TOUCH
feat/paper-audit-telemetry-summary-v1	2026-02-18	d4092980	no	feat	MANUAL_REVIEW_REQUIRED
feat/paper-session-decision-context-capture-v1	2026-02-18	1dd55a76	no	feat	MANUAL_REVIEW_REQUIRED
feat/paper-session-telemetry-summary-workflow-v1	2026-02-18	f82db717	no	feat	MANUAL_REVIEW_REQUIRED
feat/paper-tests-telemetry-summary-phase-j	2026-02-18	d507b88a	no	feat	MANUAL_REVIEW_REQUIRED
feat/phase-9a-duration-diagnostic	2025-12-29	0ae1427f	no	feat	MANUAL_REVIEW_REQUIRED
feat/phase-k-nonempty-policy-telemetry-paper-tests	2026-02-18	37b46b8b	no	feat	MANUAL_REVIEW_REQUIRED
feat/phase-l-real-policy-telemetry-paper-tests	2026-02-18	0746c97f	no	feat	MANUAL_REVIEW_REQUIRED
feat/phase-m-regression-guards-real-policy	2026-02-18	fa73f1c3	no	feat	MANUAL_REVIEW_REQUIRED
feat/phase-n-latest-pointers-and-registry	2026-02-18	3062bd39	no	feat	MANUAL_REVIEW_REQUIRED
feat/phase-o-portable-registry-gh-references	2026-02-18	1fef4f77	no	feat	MANUAL_REVIEW_REQUIRED
feat/phase-p-portable-verification-kit	2026-02-18	4d621e30	no	feat	MANUAL_REVIEW_REQUIRED
feat/phase-q-operator-verify-entrypoint	2026-02-18	06055526	no	feat	MANUAL_REVIEW_REQUIRED
feat/phase-r-ci-operator-verify-smoke	2026-02-18	67c94d22	no	feat	MANUAL_REVIEW_REQUIRED
feat/phase-s-final-done-and-index	2026-02-18	77d09a84	no	feat	MANUAL_REVIEW_REQUIRED
feat/phase-t-runbook-data-node-export-channel	2026-02-18	568b3d9b	no	feat	ACTIVE_DO_NOT_TOUCH
feat/phase-u-actionable-data-node-exporter	2026-02-18	1dbbd2f7	no	feat	ACTIVE_DO_NOT_TOUCH
feat/phase-v-export-pack-hash-portability	2026-02-19	57354a27	no	feat	ACTIVE_DO_NOT_TOUCH
feat/phase-w-ci-export-pack-download-verify	2026-02-19	68212734	no	feat	ACTIVE_DO_NOT_TOUCH
feat/phase-w2-fastfail-missing-export-secrets	2026-02-19	bce21338	no	feat	ACTIVE_DO_NOT_TOUCH
feat/phase-x-hourly-dispatch-schedulers	2026-02-19	28e64831	no	feat	MANUAL_REVIEW_REQUIRED
feat/policy-critic-exclude-tests-risklimit	2026-02-20	21fce60d	no	feat	MANUAL_REVIEW_REQUIRED
feat/policy-enforcement-contract-tests-d2	2026-02-18	423583a2	no	feat	MANUAL_REVIEW_REQUIRED
feat/policy-enforcer-v0-toggle	2026-02-18	3ed8fa44	no	feat	MANUAL_REVIEW_REQUIRED
feat/policy-v1-cost-edge-gate	2026-02-18	a15e1c75	no	feat	MANUAL_REVIEW_REQUIRED
feat/pr950-grafana-ux-pack-next	2026-02-12	73eadca8	no	feat	ACTIVE_DO_NOT_TOUCH
feat/praa-operating-rhythm-runbook	2026-02-23	d68ad427	no	feat	ACTIVE_DO_NOT_TOUCH
feat/prab-health-dashboard-format	2026-02-23	a4eab5d7	no	feat	ACTIVE_DO_NOT_TOUCH
feat/prba-dashboard-kv-format	2026-02-23	aaff4200	no	feat	ACTIVE_DO_NOT_TOUCH
feat/prbb-dashboard-json-v1	2026-02-23	44324e9d	no	feat	ACTIVE_DO_NOT_TOUCH
feat/prbc-stability-gate	2026-02-24	33c6c708	no	feat	ACTIVE_DO_NOT_TOUCH
feat/prbd-live-readiness-scorecard	2026-02-24	a0288636	no	feat	ACTIVE_DO_NOT_TOUCH
feat/prbe-shadow-testnet-scorecard	2026-02-24	20a9c025	no	feat	ACTIVE_DO_NOT_TOUCH
feat/prbe-workflow-nonfatal-scorecard	2026-02-24	57f5f8c0	no	feat	ACTIVE_DO_NOT_TOUCH
feat/prbf-live-dryrun-checklist	2026-02-24	62c2749a	no	feat	ACTIVE_DO_NOT_TOUCH
feat/prbg-execution-evidence-producer	2026-02-24	37abadc1	no	feat	ACTIVE_DO_NOT_TOUCH
feat/prbg-real-evidence-priority	2026-02-28	af2bc59d	no	feat	MANUAL_REVIEW_REQUIRED
feat/prbg-sample-fallback	2026-02-28	7da9f49c	no	feat	MANUAL_REVIEW_REQUIRED
feat/prbh-execution-events-wiring	2026-02-24	0ef64c99	no	feat	MANUAL_REVIEW_REQUIRED
feat/prbi-live-pilot-scorecard	2026-02-24	86de409e	no	feat	MANUAL_REVIEW_REQUIRED
feat/prbj-heartbeat-exec-events	2026-03-03	83d964d2	no	feat	MANUAL_REVIEW_REQUIRED
feat/prbj-testnet-exec-events-artifact	2026-02-28	cc417ecf	no	feat	MANUAL_REVIEW_REQUIRED
feat/prbj-timeout-raise	2026-03-01	2d3abc05	no	feat	ACTIVE_DO_NOT_TOUCH
feat/prbk-prbg-consume-prbj-artifact	2026-02-28	03c50c18	no	feat	MANUAL_REVIEW_REQUIRED
feat/prbn-live-pilot-kickoff-runbook	2026-03-03	2f7407c6	no	feat	ACTIVE_DO_NOT_TOUCH
feat/prcc-aws-export-smoke	2026-03-01	73fa0125	no	feat	ACTIVE_DO_NOT_TOUCH
feat/prcd-aws-export-write-smoke	2026-03-01	d1a9dbef	no	feat	ACTIVE_DO_NOT_TOUCH
feat/prj-evidence-pack-pathfix	2026-02-20	e95e190d	no	feat	MANUAL_REVIEW_REQUIRED
feat/prj-finalize-schedule	2026-02-20	46625dd1	no	feat	MANUAL_REVIEW_REQUIRED
feat/prj-schedule-proof-cron5	2026-02-20	9d8f38db	no	feat	MANUAL_REVIEW_REQUIRED
feat/prk-badge-lines-assert	2026-02-23	21519c2c	no	feat	ACTIVE_DO_NOT_TOUCH
feat/prk-gh-token-and-filename	2026-02-22	1dbdcf64	no	feat	ACTIVE_DO_NOT_TOUCH
feat/prk-mock-profiles	2026-02-24	f4f990b6	no	feat	ACTIVE_DO_NOT_TOUCH
feat/prk-stable-runs-endpoint	2026-02-20	d1f5a6d6	no	feat	ACTIVE_DO_NOT_TOUCH
feat/prk-status-report	2026-02-20	9dd87773	no	feat	ACTIVE_DO_NOT_TOUCH
feat/prk-workflow-lookup-pagination	2026-02-20	11de8314	no	feat	ACTIVE_DO_NOT_TOUCH
feat/prl-closeout-index-registry	2026-02-22	b86f85ac	no	feat	ACTIVE_DO_NOT_TOUCH
feat/prm-prk-selftest	2026-02-22	287b18bb	no	feat	ACTIVE_DO_NOT_TOUCH
feat/prn-prk-retry-backoff	2026-02-22	8aad1e4d	no	feat	ACTIVE_DO_NOT_TOUCH
feat/pro-prk-nightly-selfcheck	2026-02-22	6c0fb211	no	feat	ACTIVE_DO_NOT_TOUCH
feat/proposer-runtime-resolution-v1	2026-03-07	2019b934	no	feat	ACTIVE_DO_NOT_TOUCH
feat/provider-model-binding-spec-v1	2026-03-07	745e7382	no	feat	ACTIVE_DO_NOT_TOUCH
feat/prp-prj-status-schema	2026-02-22	61763c18	no	feat	MANUAL_REVIEW_REQUIRED
feat/prq-required-checks-on-workflows	2026-02-22	60e952a5	no	feat	MANUAL_REVIEW_REQUIRED
feat/prr-prj-status-staleness	2026-02-22	a986aa2d	no	feat	MANUAL_REVIEW_REQUIRED
feat/prs-prk-health-summary	2026-02-22	bf9c33ce	no	feat	MANUAL_REVIEW_REQUIRED
feat/pru-required-checks-drift-detector	2026-02-22	d5d2264b	no	feat	MANUAL_REVIEW_REQUIRED
feat/prw-drift-detector-branch-protection	2026-02-23	796e2237	no	feat	MANUAL_REVIEW_REQUIRED
feat/prx-ops-status-cli	2026-02-22	6926879e	no	feat	ACTIVE_DO_NOT_TOUCH
feat/pry-ci-trigger-tool	2026-02-23	be0a1a37	no	feat	MANUAL_REVIEW_REQUIRED
feat/recover-launchagent-wrappers	2026-03-05	cffaecd4	no	feat	ACTIVE_DO_NOT_TOUCH
feat/rename-dashboard-metrics-to-txt	2026-02-23	458414b6	no	feat	ACTIVE_DO_NOT_TOUCH
feat/reporting-generator-d2-d3	2026-01-20	a7e3f1f5	no	feat	MANUAL_REVIEW_REQUIRED
feat/research-cli-evidence-chain	2026-02-03	4fb4ef7c	no	feat	MANUAL_REVIEW_REQUIRED
feat/runtime-unknown-resolution-v1	2026-03-07	c6f3cadc	no	feat	ACTIVE_DO_NOT_TOUCH
feat/salvage-fix-p76-result-path-in-ticks	2026-03-05	58132aa7	yes	salvage	SAFE_DELETE_LOCAL_MERGED
feat/salvage-manual-p101-workbook-checklists-stop-playbook-v1	2026-03-05	81d19618	no	salvage	ACTIVE_DO_NOT_TOUCH
feat/salvage-manual-p118-sha256sums-no-xargs-v1	2026-03-05	bdf38800	yes	salvage	SAFE_DELETE_LOCAL_MERGED
feat/salvage-manual-p128-execution-networked-transport-stub-v1	2026-03-05	58132aa7	yes	salvage	SAFE_DELETE_LOCAL_MERGED
feat/salvage-manual-p22-roadmap-runbook-merge	2026-03-05	229a6234	no	salvage	SALVAGE_REVIEW_REQUIRED
feat/salvage-manual-p54-switch-layer-routing-v1	2026-03-05	58132aa7	yes	salvage	SAFE_DELETE_LOCAL_MERGED
feat/salvage-manual-p80-supervisor-stop-idempotent-v1	2026-03-05	bdf38800	yes	salvage	SAFE_DELETE_LOCAL_MERGED
feat/salvage-manual-p81-supervisor-service-hardening-v1	2026-03-05	bdf38800	yes	salvage	SAFE_DELETE_LOCAL_MERGED
feat/salvage-manual-p98-ops-loop-orchestrator-v1	2026-03-05	58132aa7	yes	salvage	SAFE_DELETE_LOCAL_MERGED
feat/salvage-ops-launchd-supervisor-subcommands-v1	2026-03-05	58132aa7	yes	salvage	SAFE_DELETE_LOCAL_MERGED
feat/salvage-ops_pr-drill-20260211T070830Z	2026-03-05	58132aa7	yes	salvage	SAFE_DELETE_LOCAL_MERGED
feat/salvage-p101-workbook-checklists-stop-playbook-v	2026-03-05	58132aa7	yes	salvage	SAFE_DELETE_LOCAL_MERGED
feat/salvage-p102-launchd-templates-p93-p94-v1	2026-03-05	58132aa7	yes	salvage	SAFE_DELETE_LOCAL_MERGED
feat/salvage-p105-exchange-execution-research-v1	2026-03-05	58132aa7	yes	salvage	SAFE_DELETE_LOCAL_MERGED
feat/salvage-p105-exchange-shortlist-v1	2026-03-05	58132aa7	yes	salvage	SAFE_DELETE_LOCAL_MERGED
feat/salvage-p105-readme-pointer-pin-v1	2026-03-05	58132aa7	yes	salvage	SAFE_DELETE_LOCAL_MERGED
feat/salvage-p111-execution-adapter-selector-v1	2026-03-05	58132aa7	yes	salvage	SAFE_DELETE_LOCAL_MERGED
feat/salvage-p118-sha256sums-no-xargs-v1	2026-03-05	58132aa7	yes	salvage	SAFE_DELETE_LOCAL_MERGED
feat/salvage-p122-execution-runbook-v1	2026-03-05	58132aa7	yes	salvage	SAFE_DELETE_LOCAL_MERGED
feat/salvage-p123-execution-networked-onramp-v1	2026-03-05	58132aa7	yes	salvage	SAFE_DELETE_LOCAL_MERGED
feat/salvage-p124-execution-networked-entry-contract-	2026-03-05	58132aa7	yes	salvage	SAFE_DELETE_LOCAL_MERGED
feat/salvage-p126-execution-networked-transport-stub-	2026-03-05	58132aa7	yes	salvage	SAFE_DELETE_LOCAL_MERGED
feat/salvage-p127-networked-provider-adapter-stub-v1	2026-03-05	58132aa7	yes	salvage	SAFE_DELETE_LOCAL_MERGED
feat/salvage-p128-execution-networked-transport-stub-	2026-03-05	58132aa7	yes	salvage	SAFE_DELETE_LOCAL_MERGED
feat/salvage-p13-kickoff	2026-03-05	58132aa7	yes	salvage	SAFE_DELETE_LOCAL_MERGED
feat/salvage-p130-networked-allowlist-stub-v1	2026-03-05	58132aa7	yes	salvage	SAFE_DELETE_LOCAL_MERGED
feat/salvage-p132-networked-transport-allow-handshake	2026-03-05	58132aa7	yes	salvage	SAFE_DELETE_LOCAL_MERGED
feat/salvage-p22-roadmap-runbook-merge	2026-03-05	58132aa7	yes	salvage	SAFE_DELETE_LOCAL_MERGED
feat/salvage-p27-execution-integration-v2	2026-03-05	58132aa7	yes	salvage	SAFE_DELETE_LOCAL_MERGED
feat/salvage-p28-backtest-loop-positions-cash-v1	2026-03-05	58132aa7	yes	salvage	SAFE_DELETE_LOCAL_MERGED
feat/salvage-p29-accounting-v2-avgcost-realizedpnl	2026-03-05	58132aa7	yes	salvage	SAFE_DELETE_LOCAL_MERGED
feat/salvage-p33-report-artifacts-v1	2026-03-05	58132aa7	yes	salvage	SAFE_DELETE_LOCAL_MERGED
feat/salvage-p51-ai-layer-guardrails-audit-v1	2026-03-05	58132aa7	yes	salvage	SAFE_DELETE_LOCAL_MERGED
feat/salvage-p54-switch-layer-routing-v1	2026-03-05	58132aa7	yes	salvage	SAFE_DELETE_LOCAL_MERGED
feat/salvage-p64-online-readiness-runner-v1	2026-03-05	58132aa7	yes	salvage	SAFE_DELETE_LOCAL_MERGED
feat/salvage-p65-online-readiness-loop-runner-v1	2026-03-05	58132aa7	yes	salvage	SAFE_DELETE_LOCAL_MERGED
feat/salvage-p66-online-readiness-operator-entrypoint	2026-03-05	58132aa7	yes	salvage	SAFE_DELETE_LOCAL_MERGED
feat/salvage-p75-p72-env-contract-tests-v1	2026-03-05	58132aa7	yes	salvage	SAFE_DELETE_LOCAL_MERGED
feat/salvage-p80-supervisor-stop-idempotent-v1	2026-03-05	58132aa7	yes	salvage	SAFE_DELETE_LOCAL_MERGED
feat/salvage-p81-supervisor-service-hardening-v1	2026-03-05	58132aa7	yes	salvage	SAFE_DELETE_LOCAL_MERGED
feat/salvage-p87-supervisor-plus-ingest-v1	2026-03-05	58132aa7	yes	salvage	SAFE_DELETE_LOCAL_MERGED
feat/salvage-p88-launchd-supervisor-smoke-script-v1	2026-03-05	58132aa7	yes	salvage	SAFE_DELETE_LOCAL_MERGED
feat/salvage-p92-audit-snapshot-runner-v1	2026-03-05	58132aa7	yes	salvage	SAFE_DELETE_LOCAL_MERGED
feat/salvage-p94-p93-status-dashboard-retention-v1	2026-03-05	58132aa7	yes	salvage	SAFE_DELETE_LOCAL_MERGED
feat/salvage-p97-p96-dry-run-sandbox-smoke	2026-03-05	58132aa7	yes	salvage	SAFE_DELETE_LOCAL_MERGED
feat/salvage-p98-ops-loop-orchestrator-v1	2026-03-05	58132aa7	yes	salvage	SAFE_DELETE_LOCAL_MERGED
feat/salvage-p99-guarded-plist-workingdir-v1	2026-03-05	58132aa7	yes	salvage	SAFE_DELETE_LOCAL_MERGED
feat/salvage-p99-launchd-hard-guardrails-v1	2026-03-05	58132aa7	yes	salvage	SAFE_DELETE_LOCAL_MERGED
feat/salvage-pr-ops-v1-closeout-ff-fix	2026-03-05	58132aa7	yes	salvage	SAFE_DELETE_LOCAL_MERGED
feat/salvage-pr-trigger-triage-v1	2026-03-05	58132aa7	yes	salvage	SAFE_DELETE_LOCAL_MERGED
feat/scheduled-shadow-paper-features-smoke-prj	2026-02-20	0d844145	no	feat	MANUAL_REVIEW_REQUIRED
feat/security-treasury-separation-v1	2026-03-06	88ec54ac	no	feat	MANUAL_REVIEW_REQUIRED
feat/shadow-phase1-infra	2025-12-25	bbb1758f	no	feat	MANUAL_REVIEW_REQUIRED
feat/shadow-phase2-tick-ohlcv-quality	2025-12-27	d365ca8b	no	feat	MANUAL_REVIEW_REQUIRED
feat/shadow-soak-audit	2026-02-16	922d4700	no	feat	ACTIVE_DO_NOT_TOUCH
feat/strategy-layer-vnext-runner	2025-12-23	4d913dbf	no	feat	MANUAL_REVIEW_REQUIRED
feat/switch-gate-hysteresis-prc	2026-02-20	d9a339d0	no	feat	MANUAL_REVIEW_REQUIRED
feat/techdebt-d-downcast-fillna-filter-removal	2026-01-28	4f3fd930	no	feat	ACTIVE_DO_NOT_TOUCH
feat/testnet-emit-exec-events	2026-02-25	70f04397	no	feat	ACTIVE_DO_NOT_TOUCH
feat/testnet-execution-events-wiring	2026-02-24	65154a2d	no	feat	ACTIVE_DO_NOT_TOUCH
feat/testnet-launch-and-exec-evidence-real	2026-02-24	7e1d339d	no	feat	MANUAL_REVIEW_REQUIRED
feat/truth-rollout-v1	2026-03-07	24adebf8	no	feat	ACTIVE_DO_NOT_TOUCH
feat/wave5-bridge-into-aggregator	2026-02-27	aab02dd0	no	feat	MANUAL_REVIEW_REQUIRED
feat/wave5-gap-audit-docs	2026-02-27	b8428106	no	feat	MANUAL_REVIEW_REQUIRED
feat/webui-ops-cockpit-v2-1-truth-ux	2026-03-08	e5e34aa2	no	feat	ACTIVE_DO_NOT_TOUCH
feat/webui-ops-cockpit-v2-2-status-priority	2026-03-07	4940b1b2	yes	feat	SAFE_DELETE_LOCAL_MERGED
fix/aiops-ledger-export-run-id	2026-02-13	bfa93480	no	fix	ACTIVE_DO_NOT_TOUCH
fix/aiops-ledger-trend-seed-pattern	2026-02-13	fda3e910	no	fix	ACTIVE_DO_NOT_TOUCH
fix/aiops-trend-seed-use-l4-critic-v2	2026-02-05	2f2e138b	no	fix	MANUAL_REVIEW_REQUIRED
fix/aiops-trendledger-mkdir-output	2026-02-13	75aef179	no	fix	ACTIVE_DO_NOT_TOUCH
fix/grafana-operator-unified-default-ds	2026-02-10	941fa904	no	fix	MANUAL_REVIEW_REQUIRED
fix/grafana-signals-orders-datasource-pin	2026-02-12	9ba97abb	no	fix	ACTIVE_DO_NOT_TOUCH
fix/infostream-durable-sink	2026-02-07	e32caafc	no	fix	MANUAL_REVIEW_REQUIRED
fix/merge-status-dashboard-next-actions	2026-02-05	25bd232b	no	fix	ACTIVE_DO_NOT_TOUCH
fix/obs-grafana-verify-v2-multiprom	2026-02-12	e6603fc2	no	fix	ACTIVE_DO_NOT_TOUCH
fix/obs-shadow-verify-prom-query-hardening	2026-01-23	a6a9a0ab	no	fix	MANUAL_REVIEW_REQUIRED
fix/p71-add-missing-init-and-tests	2026-02-16	508f4ae2	no	fix	MANUAL_REVIEW_REQUIRED
fix/p71-remove-iterations-plumbing	2026-02-16	76c7ee01	no	fix	MANUAL_REVIEW_REQUIRED
fix/phase-s-add-done-marker	2026-02-18	2afb7366	no	fix	MANUAL_REVIEW_REQUIRED
fix/phase-w1-job-if-secrets-422	2026-02-19	4cfd285f	no	fix	MANUAL_REVIEW_REQUIRED
fix/phase-w1-workflow-dispatch-recognition	2026-02-19	6b9bd7eb	no	fix	ACTIVE_DO_NOT_TOUCH
fix/phase-w3-pr-skip-when-secrets-missing	2026-02-19	9d18b931	no	fix	MANUAL_REVIEW_REQUIRED
fix/phase-w5-ci-seed-pack-if-missing	2026-02-19	3d78ab09	no	fix	MANUAL_REVIEW_REQUIRED
fix/pr1722-trigger-diagnostics	2026-03-09	cb13fbaf	no	fix	MANUAL_REVIEW_REQUIRED
fix/prbj-install-deps	2026-03-01	c07e9916	no	fix	MANUAL_REVIEW_REQUIRED
fix/prk-badge-validate-grep	2026-02-23	22212ae5	no	fix	ACTIVE_DO_NOT_TOUCH
fix/prometheus-local-scrape-config-recovery	2026-03-08	7b98a263	no	fix	MANUAL_REVIEW_REQUIRED
fix/requirements-sync-clean	2025-12-27	327b3777	no	fix	MANUAL_REVIEW_REQUIRED
fix/scheduled-workflow-actions-write	2026-02-19	a248e5cd	no	fix	MANUAL_REVIEW_REQUIRED
fix/untrack-out-ops-scratch	2026-02-18	ec1e13e5	yes	fix	SAFE_DELETE_LOCAL_MERGED
fix/untrack-out-ops-scratch-v2	2026-02-18	9add36bd	no	fix	MANUAL_REVIEW_REQUIRED
fix/weekly-core-audit-permissions	2026-02-18	12b0a041	no	fix	MANUAL_REVIEW_REQUIRED
focused-hofstadter	2025-12-13	27faa2ca	no	cursor_name	MANUAL_REVIEW_REQUIRED
gifted-spence-765a	2025-12-16	4448bb83	no	other	MANUAL_REVIEW_REQUIRED
gifted-yonath	2025-12-12	40fc9afc	no	cursor_name	MANUAL_REVIEW_REQUIRED
goofy-ellis	2025-12-13	93407d71	no	cursor_name	MANUAL_REVIEW_REQUIRED
goofy-jemison	2025-12-15	42129192	no	cursor_name	MANUAL_REVIEW_REQUIRED
governance/add-l3-capability-scope	2026-02-06	ad5b33a0	no	governance	MANUAL_REVIEW_REQUIRED
gracious-ellis	2025-12-15	42129192	no	cursor_name	MANUAL_REVIEW_REQUIRED
happy-tereshkova	2025-12-16	21c92ffe	no	cursor_name	MANUAL_REVIEW_REQUIRED
heuristic-nash	2025-12-17	11f108cf	no	cursor_name	MANUAL_REVIEW_REQUIRED
hotfix/policy-critic-ci-gate	2025-12-12	ef43c8e2	no	other	MANUAL_REVIEW_REQUIRED
inspiring-yonath	2025-12-15	42129192	no	cursor_name	MANUAL_REVIEW_REQUIRED
intelligent-chandrasekhar	2025-12-17	11f108cf	no	cursor_name	MANUAL_REVIEW_REQUIRED
interesting-turing	2025-12-18	c295ee60	no	cursor_name	MANUAL_REVIEW_REQUIRED
jolly-rubin	2025-12-18	c295ee60	no	cursor_name	MANUAL_REVIEW_REQUIRED
keen-gates	2025-12-10	4a39f18a	no	cursor_name	MANUAL_REVIEW_REQUIRED
kind-mcclintock	2025-12-12	86b7c46d	no	cursor_name	MANUAL_REVIEW_REQUIRED
magical-germain	2025-12-18	c295ee60	no	cursor_name	MANUAL_REVIEW_REQUIRED
main	2026-03-10	d2b81d58	yes	main	ACTIVE_DO_NOT_TOUCH
naughty-germain	2025-12-15	e3baf353	no	cursor_name	MANUAL_REVIEW_REQUIRED
nice-panini	2025-12-12	3a6bee28	no	cursor_name	MANUAL_REVIEW_REQUIRED
nifty-black	2025-12-16	7b5b54e4	no	cursor_name	MANUAL_REVIEW_REQUIRED
nostalgic-bohr	2025-12-16	51917393	no	cursor_name	MANUAL_REVIEW_REQUIRED
objective-jemison	2025-12-16	771b65d5	no	cursor_name	MANUAL_REVIEW_REQUIRED
obs/grafana-ds-fix-v1-20260125T003136Z	2026-02-12	3879d3fb	no	obs	ACTIVE_DO_NOT_TOUCH
obs/grafana-verify-token-auth	2026-01-27	d67d2493	no	obs	ACTIVE_DO_NOT_TOUCH
ops/ai-live-exporter-venv	2026-02-06	58526c82	no	ops	MANUAL_REVIEW_REQUIRED
ops/ci-pr-gate-sanity-script	2026-02-07	908088bc	no	ops	ACTIVE_DO_NOT_TOUCH
ops/cmes-evidence-sidecar-verify	2026-02-08	54d89878	no	ops	MANUAL_REVIEW_REQUIRED
ops/compose-resolver-obse-ailive	2026-02-06	d680ac9b	no	ops	MANUAL_REVIEW_REQUIRED
ops/cursor-ma-archive-tracked	2026-02-07	f5233a8e	no	ops	MANUAL_REVIEW_REQUIRED
ops/cursor-ma-oneblock-helper	2026-02-19	2d820e6e	no	ops	MANUAL_REVIEW_REQUIRED
ops/fix-merge-status-dashboard-markers	2026-02-03	3156856c	no	ops	MANUAL_REVIEW_REQUIRED
ops/grafana-ds-fix-gate-20260125T013427Z	2026-01-25	8cac5dc0	no	ops	MANUAL_REVIEW_REQUIRED
ops/local-main-safety-20260103_194148	2026-01-03	c5ec77f4	no	ops	MANUAL_REVIEW_REQUIRED
ops/ma-cli-ux	2026-02-07	d7888d3f	no	ops	MANUAL_REVIEW_REQUIRED
ops/merge-status-dashboard	2026-02-03	eaabc793	no	ops	MANUAL_REVIEW_REQUIRED
ops/phase-h-todo-index	2026-02-12	1108e697	no	ops	ACTIVE_DO_NOT_TOUCH
ops/runbook-prom-9094-9095	2026-02-06	36c66c43	no	ops	MANUAL_REVIEW_REQUIRED
ops/unified-dashboard-shadow-pin-generator	2026-02-06	eff22ec8	no	ops	MANUAL_REVIEW_REQUIRED
peaceful-darwin	2025-12-15	42129192	no	cursor_name	MANUAL_REVIEW_REQUIRED
peaceful-mahavira	2025-12-15	42129192	no	cursor_name	MANUAL_REVIEW_REQUIRED
peaceful-roentgen	2025-12-15	42129192	no	cursor_name	MANUAL_REVIEW_REQUIRED
pr-01-status-evidence-contract	2026-02-02	abf33ba4	no	other	MANUAL_REVIEW_REQUIRED
pr-02-kill-switch-enforcement	2026-02-02	7fe2a5a7	no	other	MANUAL_REVIEW_REQUIRED
pr-03-escalation-providers	2026-02-02	7fe2a5a7	no	other	MANUAL_REVIEW_REQUIRED
pr-03b-pagerduty-http-guarded	2026-02-02	36e30b90	no	other	MANUAL_REVIEW_REQUIRED
pr-05-port-collision-9111	2026-02-02	b3438f48	no	other	MANUAL_REVIEW_REQUIRED
pr-179	2025-12-20	18da7986	no	other	MANUAL_REVIEW_REQUIRED
pr-256	2025-12-23	e6d5d1db	no	other	MANUAL_REVIEW_REQUIRED
practical-murdock	2025-12-15	09472d6d	no	cursor_name	MANUAL_REVIEW_REQUIRED
recover/fix-p76-result-path-in-ticks	2026-02-16	faef7e10	no	recover	SALVAGE_REVIEW_REQUIRED
recover/ops-launchd-supervisor-subcommands-v1	2026-02-16	257a2dc1	no	recover	SALVAGE_REVIEW_REQUIRED
recover/ops_pr-drill-20260211T070830Z	2026-02-11	62d28af0	no	recover	SALVAGE_REVIEW_REQUIRED
recover/p101-workbook-checklists-stop-playbook-v1	2026-03-05	19c84a58	no	recover	SALVAGE_REVIEW_REQUIRED
recover/p102-launchd-templates-p93-p94-v1	2026-02-16	c021c6f3	no	recover	SALVAGE_REVIEW_REQUIRED
recover/p105-exchange-execution-research-v1	2026-02-16	bc58deb8	no	recover	SALVAGE_REVIEW_REQUIRED
recover/p105-exchange-shortlist-v1	2026-02-16	a719ebf3	no	recover	SALVAGE_REVIEW_REQUIRED
recover/p105-readme-pointer-pin-v1	2026-02-17	00437663	no	recover	SALVAGE_REVIEW_REQUIRED
recover/p111-execution-adapter-selector-v1	2026-02-17	7353399a	no	recover	SALVAGE_REVIEW_REQUIRED
recover/p118-sha256sums-no-xargs-v1	2026-03-05	bdf38800	yes	recover	SAFE_DELETE_LOCAL_MERGED
recover/p122-execution-runbook-v1	2026-02-17	c571ec68	no	recover	SALVAGE_REVIEW_REQUIRED
recover/p123-execution-networked-onramp-v1	2026-02-17	f578ebbd	no	recover	SALVAGE_REVIEW_REQUIRED
recover/p124-execution-networked-entry-contract-v1	2026-02-17	5f0cfb75	no	recover	SALVAGE_REVIEW_REQUIRED
recover/p126-execution-networked-transport-stub-v1	2026-02-17	9aa34be1	no	recover	SALVAGE_REVIEW_REQUIRED
recover/p127-networked-provider-adapter-stub-v1	2026-02-17	3f15b7f0	no	recover	SALVAGE_REVIEW_REQUIRED
recover/p128-execution-networked-transport-stub-v1	2026-03-05	58132aa7	yes	recover	SAFE_DELETE_LOCAL_MERGED
recover/p13-kickoff	2026-02-11	a8def44d	no	recover	SALVAGE_REVIEW_REQUIRED
recover/p130-networked-allowlist-stub-v1	2026-02-17	4ddd525e	no	recover	SALVAGE_REVIEW_REQUIRED
recover/p132-networked-transport-allow-handshake-v1	2026-02-17	83de8bef	no	recover	SALVAGE_REVIEW_REQUIRED
recover/p22-roadmap-runbook-merge	2026-03-05	e9199803	no	recover	SALVAGE_REVIEW_REQUIRED
recover/p27-execution-integration-v2	2026-02-12	bb5ebfe7	no	recover	SALVAGE_REVIEW_REQUIRED
recover/p28-backtest-loop-positions-cash-v1	2026-02-12	3500ed87	no	recover	SALVAGE_REVIEW_REQUIRED
recover/p29-accounting-v2-avgcost-realizedpnl	2026-02-12	bd75264d	no	recover	SALVAGE_REVIEW_REQUIRED
recover/p33-report-artifacts-v1	2026-02-13	421f2e47	no	recover	SALVAGE_REVIEW_REQUIRED
recover/p51-ai-layer-guardrails-audit-v1	2026-02-15	c46d211b	no	recover	SALVAGE_REVIEW_REQUIRED
recover/p54-switch-layer-routing-v1	2026-03-05	58132aa7	yes	recover	SAFE_DELETE_LOCAL_MERGED
recover/p64-online-readiness-runner-v1	2026-02-15	072a9b34	no	recover	SALVAGE_REVIEW_REQUIRED
recover/p65-online-readiness-loop-runner-v1	2026-02-15	4a42636a	no	recover	SALVAGE_REVIEW_REQUIRED
recover/p66-online-readiness-operator-entrypoint-v1	2026-02-15	dafa0917	no	recover	SALVAGE_REVIEW_REQUIRED
recover/p75-p72-env-contract-tests-v1	2026-02-16	5c478bec	no	recover	SALVAGE_REVIEW_REQUIRED
recover/p80-supervisor-stop-idempotent-v1	2026-03-05	5e02064b	no	recover	SALVAGE_REVIEW_REQUIRED
recover/p81-supervisor-service-hardening-v1	2026-03-05	bdf38800	yes	recover	SAFE_DELETE_LOCAL_MERGED
recover/p87-supervisor-plus-ingest-v1	2026-02-16	9f28a986	no	recover	SALVAGE_REVIEW_REQUIRED
recover/p88-launchd-supervisor-smoke-script-v1	2026-02-16	044ba666	no	recover	SALVAGE_REVIEW_REQUIRED
recover/p92-audit-snapshot-runner-v1	2026-02-16	db293be0	no	recover	SALVAGE_REVIEW_REQUIRED
recover/p94-p93-status-dashboard-retention-v1	2026-02-16	aa69dab9	no	recover	SALVAGE_REVIEW_REQUIRED
recover/p97-p96-dry-run-sandbox-smoke	2026-02-16	a5fae6ca	no	recover	SALVAGE_REVIEW_REQUIRED
recover/p98-ops-loop-orchestrator-v1	2026-03-05	58132aa7	yes	recover	SAFE_DELETE_LOCAL_MERGED
recover/p99-guarded-plist-workingdir-v1	2026-02-16	167179e0	no	recover	SALVAGE_REVIEW_REQUIRED
recover/p99-launchd-hard-guardrails-v1	2026-03-05	ee143f54	no	recover	SALVAGE_REVIEW_REQUIRED
recover/pr-ops-v1-closeout-ff-fix	2026-02-13	7e25f947	no	recover	SALVAGE_REVIEW_REQUIRED
recover/pr-trigger-triage-v1	2026-02-15	2eee923d	no	recover	SALVAGE_REVIEW_REQUIRED
recover/stash-2	2026-01-27	d629cd66	no	recover	SALVAGE_REVIEW_REQUIRED
recover/stash-3	2026-01-24	7925bd7a	no	recover	SALVAGE_REVIEW_REQUIRED
relaxed-swirles	2025-12-18	c295ee60	no	cursor_name	MANUAL_REVIEW_REQUIRED
restore/pr__observability-compose-only-from-bundle	2026-01-16	0f9db2dc	no	restore	MANUAL_REVIEW_REQUIRED
reverent-varahamihira	2025-12-16	f28ae8e8	no	cursor_name	MANUAL_REVIEW_REQUIRED
romantic-pare	2025-12-15	42129192	no	cursor_name	MANUAL_REVIEW_REQUIRED
serene-buck	2025-12-16	c0fc404f	no	cursor_name	MANUAL_REVIEW_REQUIRED
silly-moore	2025-12-15	62e06d05	no	cursor_name	MANUAL_REVIEW_REQUIRED
stoic-ramanujan	2025-12-12	4fcb11a1	no	cursor_name	MANUAL_REVIEW_REQUIRED
tender-elion	2025-12-12	81fbe7f6	no	cursor_name	MANUAL_REVIEW_REQUIRED
test/ci-gate-block-trigger	2025-12-12	a9a5d65c	no	other	MANUAL_REVIEW_REQUIRED
tmp/docs-runbook-to-finish-clean	2026-01-21	b1da3361	no	tmp	SAFE_ARCHIVE_KEEP_LOCAL_FOR_NOW
tmp/stack-test	2026-01-28	9ecbb4f5	no	tmp	ACTIVE_DO_NOT_TOUCH
vigorous-cray	2025-12-15	42129192	no	cursor_name	MANUAL_REVIEW_REQUIRED
wip/local-uncommitted-20260128	2026-01-28	76b611bc	no	wip	SAFE_ARCHIVE_KEEP_LOCAL_FOR_NOW
wip/local-unrelated-20260127-205436	2026-01-27	d629cd66	no	wip	SAFE_ARCHIVE_KEEP_LOCAL_FOR_NOW
wip/pausepoint-branch-cleanup-recovery-20260124T133039Z	2026-01-24	dbf382f0	no	wip	ACTIVE_DO_NOT_TOUCH
wip/restore-stash-after-pr432	2025-12-29	130d2894	no	wip	SAFE_ARCHIVE_KEEP_LOCAL_FOR_NOW
wip/restore-stash-operator-pack	2025-12-12	3a6bee28	no	wip	SAFE_ARCHIVE_KEEP_LOCAL_FOR_NOW
wip/salvage-code-tests-untracked-20251224_082521	2025-12-24	de6b3f70	no	salvage	SALVAGE_REVIEW_REQUIRED
wip/salvage-dirty-main-20260118	2026-01-18	1f654db3	no	salvage	SALVAGE_REVIEW_REQUIRED
wip/untracked-salvage-20251224_081737	2025-12-24	60ed5677	no	salvage	SALVAGE_REVIEW_REQUIRED
wonderful-gagarin	2025-12-12	cc106984	no	cursor_name	MANUAL_REVIEW_REQUIRED