branch_name	last_commit_date	sha	upstream	merged_into_main	category	initial_recommendation
admiring-gagarin	2025-12-15	42129192	none	no	cursor_name	INITIAL
adoring-margulis	2025-12-12	3a6bee28	none	no	cursor_name	INITIAL
affectionate-kilby	2025-12-17	11f108cf	none	no	cursor_name	INITIAL
affectionate-margulis	2025-12-12	3a6bee28	none	no	cursor_name	INITIAL
agitated-darwin	2025-12-12	3a6bee28	none	no	cursor_name	INITIAL
analysis/missing-features-cursor-ma	2026-02-11	cc79fd6a	none	no	analysis	INITIAL
backup/docs/ev-strategy-risk-telemetry-20260129_20260130T160236Z	2026-01-30	4d914c52	none	no	backup	INITIAL
backup/docs_merge-log-1063_20260130T162733Z	2026-01-30	de6016e3	origin/docs/merge-log-1063	no	backup	INITIAL
backup/docs_merge-log-1067_20260130T162738Z	2026-01-30	1ac08df0	origin/docs/merge-log-1067	no	backup	INITIAL
backup/local-main-diverged-2026-01-03_023911	2026-01-03	49930fe1	none	no	backup	INITIAL
backup/local-main-pre-sync-770_20260118_014415Z	2026-01-18	8206a76e	none	no	backup	INITIAL
backup/pr394-before-squash	2025-12-27	c5fc8d0a	none	no	backup	INITIAL
backup/pr60-local-34ac928c	2026-01-04	34ac928c	none	no	backup	INITIAL
backup/pr642-pre-rebase-20260111-1814	2026-01-10	b1e8e63a	none	no	backup	INITIAL
backup/slice2-staged-20260122T005833	2026-01-22	7b817a01	none	no	backup	INITIAL
chore/ai-matrix-gate-pass-line	2026-02-06	e3ef4021	origin/chore/ai-matrix-gate-pass-line	no	chore	INITIAL
chore/audit-formatter-alignment	2025-12-26	e75d4da4	none	no	chore	INITIAL
chore/g3_5-policy-critic-synthetic-cycles	2025-12-12	405503d8	none	no	chore	INITIAL
chore/ignore-grafana-verify-evidence	2026-02-01	f59e1d30	none	no	chore	INITIAL
chore/repo-cleanup-structure-v1	2025-12-25	bbb1758f	none	no	chore	INITIAL
ci/ai-matrix-gate-required	2026-02-06	5784aa04	origin/ci/ai-matrix-gate-required	no	ci	INITIAL
ci/aiops-artifacts-skip-marker	2026-02-06	987e7356	none	no	ci	INITIAL
ci/fix-aiops-promptfoo-evals-secrets-context	2026-02-06	35f5eefe	none	no	ci	INITIAL
ci/phase4a-evidence-pack-gate	2026-01-17	1aee43d6	none	no	ci	INITIAL
ci/pragmatic-ci-fastlane-pr-gate	2026-02-07	ccc621fc	none	no	ci	INITIAL
ci/retrigger-export-pack-verify	2026-02-23	4c388af7	origin/ci/retrigger-export-pack-verify	no	ci	INITIAL
clever-saha	2025-12-18	1aafbde4	none	no	cursor_name	INITIAL
config/l3-scope-schema-align	2026-02-06	8da9f9c5	none	no	config	INITIAL
cool-joliot	2025-12-15	254c2cbb	none	no	cursor_name	INITIAL
dazzling-taussig	2025-12-18	dd86f252	none	no	cursor_name	INITIAL
docs/docs-health-fix_targets_tokenpolicy	2026-01-27	d1012708	origin/docs/docs-health-fix_targets_tokenpolicy	no	docs	INITIAL
docs/gatepacks-merge-readiness	2026-02-03	294415c9	none	no	docs	INITIAL
docs/merge-log-1067	2026-01-30	f164b212	origin/docs/merge-log-1067	no	docs	INITIAL
docs/merge-log-pr-1003	2026-01-27	3098ed86	origin/docs/merge-log-pr-1003	no	docs	INITIAL
docs/merge-log-pr-1005	2026-01-27	787c8b3b	origin/docs/merge-log-pr-1005	no	docs	INITIAL
docs/merge-logs-936-937	2026-02-12	19af8828	origin/docs/merge-logs-936-937	no	docs	INITIAL
docs/obs-grafana-runbook	2026-02-06	9a731fa6	none	no	docs	INITIAL
docs/obs-runbook-token-policy	2026-02-07	9ad0be3d	origin/docs/obs-runbook-token-policy	no	docs	INITIAL
docs/obs-shadow-pipeline-mvs	2026-01-17	49082e21	none	no	docs	INITIAL
docs/ops-doctor-registry-guardrail-clean	2025-12-25	9358f8f4	origin/main	no	docs	INITIAL
docs/persist-p4c-todo	2026-02-20	bef34f4b	origin/docs/persist-p4c-todo	no	docs	INITIAL
docs/phase-d8-merge-order-drill	2026-02-03	7f1d777c	none	no	docs	INITIAL
docs/phase9c-broken-targets-wave5	2026-01-14	1173f622	none	no	docs	INITIAL
docs/project-summary-v2_20260127	2026-01-27	5b914053	origin/docs/project-summary-v2_20260127	no	docs	INITIAL
docs/risk-layer-phase0-alignment	2025-12-27	dc62c788	none	no	docs	INITIAL
docs/runbook-ci-triage-required-checks-tls-fallback	2026-02-05	5d523577	none	no	docs	INITIAL
docs/runbook-cursor-ma-phases-21-24	2026-02-05	e07eb290	none	no	docs	INITIAL
docs/runbook-cursor-ma-phases-33-36	2026-02-05	7d048c06	none	no	docs	INITIAL
docs/runbook-docs-reference-targets-summary	2026-02-12	ebc1ceb0	origin/docs/runbook-docs-reference-targets-summary	no	docs	INITIAL
docs/runbook-phase40-publish-workflow	2026-02-05	504d713b	none	no	docs	INITIAL
docs/runbook-phase42-gate-quick-fixes	2026-02-05	af596ce6	none	no	docs	INITIAL
docs/runbook-phase46-cross-machine-verification	2026-02-05	48b558dc	none	no	docs	INITIAL
docs/spec-project-summary-outline-v2	2026-01-27	e6d9211c	origin/docs/spec-project-summary-outline-v2	no	docs	INITIAL
dreamy-fermi	2025-12-16	516f1038	none	no	cursor_name	INITIAL
dreamy-joliot	2025-12-16	0aa603b0	none	no	cursor_name	INITIAL
elastic-meitner	2025-12-17	11f108cf	none	no	cursor_name	INITIAL
elegant-austin	2025-12-15	42129192	none	no	cursor_name	INITIAL
eloquent-moser	2025-12-16	1c09f46a	none	no	cursor_name	INITIAL
evidence-index-v0.1	2026-01-07	8f1f105b	none	no	other	INITIAL
exciting-tu	2025-12-18	c295ee60	none	no	cursor_name	INITIAL
feat/activation-gates-doubleplay-leverage-prh	2026-02-20	5a29b8fd	none	no	feat	INITIAL
feat/ai-layer-canonical-spec-v1	2026-03-07	ad3ca912	none	no	feat	INITIAL
feat/ai-unknown-reduction-v1	2026-03-07	da97a2e3	origin/feat/ai-unknown-reduction-v1	no	feat	INITIAL
feat/aiops-trendledger-artifact-name-hotfix	2026-02-13	f5b96104	origin/feat/aiops-trendledger-artifact-name-hotfix	no	feat	INITIAL
feat/aiops-trendledger-watch-and-sync-nonblocking	2026-02-13	187dc093	none	no	feat	INITIAL
feat/ci-audit-scale-phase-a	2026-02-18	88ec7f4d	none	no	feat	INITIAL
feat/ci-paper-session-audit-evidence	2026-02-18	9abed737	none	no	feat	INITIAL
feat/ci-paper-session-contract-harden	2026-02-18	24b5ca96	none	no	feat	INITIAL
feat/ci-paper-tests-audit-evidence	2026-02-18	985af37d	none	no	feat	INITIAL
feat/ci-required-checks-docs-only-trigger-fix	2026-02-13	eb7b7318	origin/feat/ci-required-checks-docs-only-trigger-fix	no	feat	INITIAL
feat/ci-trigger-required-checks-20260223T181348Z	2026-02-23	26d96204	none	no	feat	INITIAL
feat/ci-trigger-required-checks-20260223T184921Z	2026-02-23	f5415546	none	no	feat	INITIAL
feat/ci-trigger-required-checks-20260224T174419Z	2026-02-24	0568548a	none	no	feat	INITIAL
feat/critic-proposer-boundary-spec-v1	2026-03-07	48854fab	origin/feat/critic-proposer-boundary-spec-v1	no	feat	INITIAL
feat/critic-runtime-resolution-v2	2026-03-07	5dcba9cb	origin/feat/critic-runtime-resolution-v2	no	feat	INITIAL
feat/cursor-api-automerge-fallback	2026-02-10	4f5dbc03	none	no	feat	INITIAL
feat/cursor-automation-smoke	2026-02-10	3d9ddeb1	none	no	feat	INITIAL
feat/docs-required-check-deadlocks-runbook	2026-02-23	347ede97	origin/feat/docs-required-check-deadlocks-runbook	no	feat	INITIAL
feat/double-play-specialists-prg	2026-02-20	9587384b	none	no	feat	INITIAL
feat/dynamic-leverage-contract-prd	2026-02-20	240269c6	none	no	feat	INITIAL
feat/evidence-include-decision-envelope-v1	2026-02-18	cda6ede2	none	no	feat	INITIAL
feat/execution-adjacent-ai-boundary-spec-v1	2026-03-07	165e194c	origin/feat/execution-adjacent-ai-boundary-spec-v1	no	feat	INITIAL
feat/execution-hardening-edgecases-v1	2026-03-06	7e40841a	none	no	feat	INITIAL
feat/execution-ledger-slice2	2026-02-12	c1c1f729	origin/feat/execution-ledger-slice2	no	feat	INITIAL
feat/ft1-archive-position-sizer-backup	2026-02-28	7ce2af17	none	no	feat	INITIAL
feat/ft2-orphan-keep-smoke-tests	2026-02-28	6587e6d4	none	no	feat	INITIAL
feat/full-scan-wave3-branch-archive-review	2026-03-10	d2b81d58	none	no	feat	INITIAL
feat/grafana-compare-pack-v0_1-rebased	2026-01-23	35767193	origin/main	no	feat	INITIAL
feat/grafana-purge	2026-02-23	991175fe	origin/feat/grafana-purge	no	feat	INITIAL
feat/grafana-purge-v2	2026-02-23	2f70528f	origin/feat/grafana-purge-v2	no	feat	INITIAL
feat/hard-disable-metrics-export	2026-02-23	b1e6cf50	origin/feat/hard-disable-metrics-export	no	feat	INITIAL
feat/ingress-a4-evidence-capsules	2026-02-08	1b7f43fe	none	no	feat	INITIAL
feat/live-dynamic-leverage-integration	2026-02-20	70e27f84	none	no	feat	INITIAL
feat/live-exec-wp0c-governance	2025-12-29	50bf078b	none	no	feat	INITIAL
feat/live-gates-test-suite-prb	2026-02-19	4635b4e6	none	no	feat	INITIAL
feat/live-ops-evidence-chain	2026-02-03	54304198	none	no	feat	INITIAL
feat/local-docker-safe-start-guardrails	2026-03-08	6cbfd68f	none	no	feat	INITIAL
feat/missing-features-and-ai-matrix-gate	2026-02-10	a51461b5	none	no	feat	INITIAL
feat/nowcast-v1-hardening-mu-bp	2026-02-18	ae767f56	none	no	feat	INITIAL
feat/operator-wiring-e2e-smoke-pri	2026-02-20	ad012dd6	none	no	feat	INITIAL
feat/ops-add-e2e-verification-runner	2026-03-03	f602b605	origin/feat/ops-add-e2e-verification-runner	no	feat	INITIAL
feat/ops-add-run-pipeline-smoke-script	2026-03-01	d719bdbc	origin/feat/ops-add-run-pipeline-smoke-script	no	feat	INITIAL
feat/ops-cockpit-v2-4-ux-finishes	2026-03-08	e366fc29	none	no	feat	INITIAL
feat/ops-cockpit-v2-5-freshness	2026-03-08	922f7dbf	origin/feat/ops-cockpit-v2-5-freshness	no	feat	INITIAL
feat/ops-cockpit-v2-6-freshness-legend	2026-03-08	9a492f71	origin/feat/ops-cockpit-v2-6-freshness-legend	no	feat	INITIAL
feat/ops-cockpit-v2-7-source-filter-chips	2026-03-08	70aa83c5	none	no	feat	INITIAL
feat/ops-cockpit-v2-8-compact-source-summary	2026-03-08	ff793659	origin/feat/ops-cockpit-v2-8-compact-source-summary	no	feat	INITIAL
feat/ops-cockpit-v2-9-visual-emphasis	2026-03-08	f16c0166	origin/feat/ops-cockpit-v2-9-visual-emphasis	no	feat	INITIAL
feat/ops-done-format-enrich-counts	2026-03-04	32507b48	none	no	feat	INITIAL
feat/ops-done-newline-fix	2026-03-04	0f3a44d1	none	no	feat	INITIAL
feat/ops-done-registry-jsonl	2026-03-04	18539f5b	none	no	feat	INITIAL
feat/ops-e2e-runner-workflow-detect-fix	2026-03-03	d814145c	origin/feat/ops-e2e-runner-workflow-detect-fix	no	feat	INITIAL
feat/ops-gh-inventory-runner	2026-03-05	e4ac5a37	origin/feat/ops-gh-inventory-runner	no	feat	INITIAL
feat/ops-incident-runbooks-v1	2026-03-06	01d50587	none	no	feat	INITIAL
feat/ops-launchagent-modes	2026-03-05	421459b8	origin/feat/ops-launchagent-modes	no	feat	INITIAL
feat/ops-live-pilot-caps-scaffold	2026-03-05	12431e06	origin/feat/ops-live-pilot-caps-scaffold	no	feat	INITIAL
feat/ops-live-pilot-exec-wrapper	2026-03-05	90281e60	origin/feat/ops-live-pilot-exec-wrapper	no	feat	INITIAL
feat/ops-long-run-hygiene-v1	2026-03-06	10e3b6ba	none	no	feat	INITIAL
feat/ops-morning-one-shot-pull-prbg	2026-03-03	4f22da2f	none	no	feat	INITIAL
feat/ops-no-knall-scheduled-ci	2026-02-19	cced0c6e	none	no	feat	INITIAL
feat/ops-operator-all-wrapper	2026-03-04	6bc351d4	origin/feat/ops-operator-all-wrapper	no	feat	INITIAL
feat/ops-prk-dashboard-fetcher	2026-02-23	a0cff32c	origin/feat/ops-prk-dashboard-fetcher	no	feat	INITIAL
feat/ops-registry-alerts-gate	2026-03-04	b0a19aa7	origin/feat/ops-registry-alerts-gate	no	feat	INITIAL
feat/ops-registry-trend-report	2026-03-04	a7e93c2c	origin/feat/ops-registry-trend-report	no	feat	INITIAL
feat/ops-remove-all-ci-trigger-full-checks	2026-03-05	59248426	origin/feat/ops-remove-all-ci-trigger-full-checks	no	feat	INITIAL
feat/ops-remove-ci-trigger-pr1565	2026-02-22	1699b4c3	origin/feat/ops-remove-ci-trigger-pr1565	no	feat	INITIAL
feat/ops-remove-ci-trigger-pr1594	2026-02-24	f0e1974b	none	no	feat	INITIAL
feat/ops-remove-ci-trigger-pr1600	2026-02-24	00b4f9e8	origin/feat/ops-remove-ci-trigger-pr1600	no	feat	INITIAL
feat/ops-remove-ci-trigger-pr1601	2026-02-25	c952b950	origin/feat/ops-remove-ci-trigger-pr1601	no	feat	INITIAL
feat/ops-remove-ci-trigger-pr1603	2026-02-25	532cd2ea	origin/feat/ops-remove-ci-trigger-pr1603	no	feat	INITIAL
feat/ops-remove-ci-trigger-pr1605	2026-02-25	514dbfa7	origin/feat/ops-remove-ci-trigger-pr1605	no	feat	INITIAL
feat/ops-remove-ci-trigger-pr1606	2026-02-25	83780ba8	origin/feat/ops-remove-ci-trigger-pr1606	no	feat	INITIAL
feat/ops-remove-ci-trigger-pr1609	2026-02-25	90151300	origin/feat/ops-remove-ci-trigger-pr1609	no	feat	INITIAL
feat/ops-remove-ci-trigger-pr1628	2026-02-28	09a7a389	none	no	feat	INITIAL
feat/ops-remove-ci-trigger-pr1634	2026-03-01	508b6fd8	origin/feat/ops-remove-ci-trigger-pr1634	no	feat	INITIAL
feat/ops-remove-ci-trigger-pr1636	2026-03-01	2dd868e6	origin/feat/ops-remove-ci-trigger-pr1636	no	feat	INITIAL
feat/ops-remove-ci-trigger-pr1637	2026-03-01	4136935c	origin/feat/ops-remove-ci-trigger-pr1637	no	feat	INITIAL
feat/ops-remove-ci-trigger-pr1686	2026-03-05	bdffbcb9	none	no	feat	INITIAL
feat/ops-remove-trampoline-pr1564	2026-02-22	f3284a05	origin/feat/ops-remove-trampoline-pr1564	no	feat	INITIAL
feat/ops-remove-trampoline-pr1566	2026-02-23	234b417b	origin/feat/ops-remove-trampoline-pr1566	no	feat	INITIAL
feat/ops-restore-todo-to-docs-script	2026-02-20	2087dfdd	origin/feat/ops-restore-todo-to-docs-script	no	feat	INITIAL
feat/ops-run-testnet-evidence-flow-script	2026-02-25	7ca7c36b	origin/feat/ops-run-testnet-evidence-flow-script	no	feat	INITIAL
feat/ops-status-prbi-latest-prefer	2026-03-03	8dd53a1d	origin/feat/ops-status-prbi-latest-prefer	no	feat	INITIAL
feat/p101-ops-workbook-a2z-v1	2026-02-16	187b3743	origin/feat/p101-ops-workbook-a2z-v1	no	feat	INITIAL
feat/p103-p91-launchd-dynamic-outdir-v1	2026-02-16	9b13f85b	origin/feat/p103-p91-launchd-dynamic-outdir-v1	no	feat	INITIAL
feat/p104-soak-watch-v1	2026-02-16	2f34758e	origin/feat/p104-soak-watch-v1	no	feat	INITIAL
feat/p105-exchange-execution-workbook-v1	2026-02-16	9f2ab28b	origin/feat/p105-exchange-execution-workbook-v1	no	feat	INITIAL
feat/p106-execution-adapter-cap-matrix-v1	2026-02-16	f3286ae8	origin/feat/p106-execution-adapter-cap-matrix-v1	no	feat	INITIAL
feat/p108-okx-adapter-v1-mocks-only	2026-02-17	7dd3e44e	origin/feat/p108-okx-adapter-v1-mocks-only	no	feat	INITIAL
feat/p109-bybit-adapter-v1-mocks-only	2026-02-17	8be6beaf	origin/feat/p109-bybit-adapter-v1-mocks-only	no	feat	INITIAL
feat/p110-execution-adapter-matrix-smoke-v1	2026-02-17	37e33b7e	origin/feat/p110-execution-adapter-matrix-smoke-v1	no	feat	INITIAL
feat/p112-execution-router-v1-mocks-only	2026-02-17	762994c4	origin/feat/p112-execution-router-v1-mocks-only	no	feat	INITIAL
feat/p113-execution-router-cli-v1	2026-02-17	8b7c5459	origin/feat/p113-execution-router-cli-v1	no	feat	INITIAL
feat/p114-execution-router-wiring-v1	2026-02-17	27cd7e8f	origin/feat/p114-execution-router-wiring-v1	no	feat	INITIAL
feat/p115-execution-session-runner-v1-mocks-only	2026-02-17	595ac238	origin/feat/p115-execution-session-runner-v1-mocks-only	no	feat	INITIAL
feat/p116-execution-session-evidence-v1	2026-02-17	e946d371	origin/feat/p116-execution-session-evidence-v1	no	feat	INITIAL
feat/p117-ops-loop-execution-evidence-hook-v1	2026-02-17	ee36b2f0	origin/feat/p117-ops-loop-execution-evidence-hook-v1	no	feat	INITIAL
feat/p119-execution-wiring-plan-v1	2026-02-17	9bdf213b	origin/feat/p119-execution-wiring-plan-v1	no	feat	INITIAL
feat/p120-sha256sums-style-guard	2026-02-17	55f66c3b	origin/feat/p120-sha256sums-style-guard	no	feat	INITIAL
feat/p121-execution-wiring-proof-v1	2026-02-17	9bb8fea7	origin/feat/p121-execution-wiring-proof-v1	no	feat	INITIAL
feat/p125-execution-networked-transport-gate-v1	2026-02-17	eaa98ef8	none	no	feat	INITIAL
feat/p129-execution-networked-onramp-cli-v1	2026-02-17	f58dc427	origin/feat/p129-execution-networked-onramp-cli-v1	no	feat	INITIAL
feat/p133-exec-net-rate-limit-backoff-v1	2026-02-17	001d189a	none	no	feat	INITIAL
feat/p134-shadow-readonly-intents	2026-02-17	3106d43f	none	no	feat	INITIAL
feat/p135-exec-net-readonly-evidence-pack-v1	2026-02-17	e1a1d744	none	no	feat	INITIAL
feat/p137-exec-net-shadow-readonly-finish-pack-v1	2026-02-17	7c2bb0ef	none	no	feat	INITIAL
feat/p138-scaffold	2026-02-17	0059f7b2	none	no	feat	INITIAL
feat/p139-exec-net-scaffold	2026-02-17	2c37fb97	none	no	feat	INITIAL
feat/p141-exec-net-paper-runner-onramp-v1	2026-02-17	37655d1d	none	no	feat	INITIAL
feat/p22-roadmap-gate-fix	2026-02-12	823dfb2b	origin/feat/p22-roadmap-gate-fix	no	feat	INITIAL
feat/p23-backtest-execution-fillmodel-v1	2026-02-12	bd3e2d9f	none	no	feat	INITIAL
feat/p31-backtest-metrics-v1	2026-02-13	581f9743	origin/feat/p31-backtest-metrics-v1	no	feat	INITIAL
feat/p37-bundle-index-v1	2026-02-13	8ed30896	origin/feat/p37-bundle-index-v1	no	feat	INITIAL
feat/p40-backtest-runner-cli-v1	2026-02-13	1c32b530	none	no	feat	INITIAL
feat/p42-ci-ops-scaffold	2026-02-13	bf2b4546	none	no	feat	INITIAL
feat/p44-pr-ops-runbook-v1	2026-02-13	1835e39b	none	no	feat	INITIAL
feat/p45-pr-ops-entrypoint-v1	2026-02-13	0f62ecd7	none	no	feat	INITIAL
feat/p46-pr-ops-v1-canonical	2026-02-13	9fc8b5cf	origin/feat/p46-pr-ops-v1-canonical	no	feat	INITIAL
feat/p46-trend-ledger-hardening-v2	2026-02-13	9a005c4b	origin/feat/p46-trend-ledger-hardening-v2	no	feat	INITIAL
feat/p47-ci-pr-gate-health-v1	2026-02-13	a7ca6949	origin/feat/p47-ci-pr-gate-health-v1	no	feat	INITIAL
feat/p48-ai-activation-gate-v1	2026-02-15	4bd576ee	origin/feat/p48-ai-activation-gate-v1	no	feat	INITIAL
feat/p49-p49-ai-model-hard-gate-v1	2026-02-15	67535fdc	origin/feat/p49-p49-ai-model-hard-gate-v1	no	feat	INITIAL
feat/p50-ai-model-enablement-policy-v1	2026-02-15	5fcdd2a8	origin/feat/p50-ai-model-enablement-policy-v1	no	feat	INITIAL
feat/p50-policy-dry-validate-script	2026-02-15	d9e5def6	origin/feat/p50-policy-dry-validate-script	no	feat	INITIAL
feat/p52-ai-switch-layer-v1	2026-02-15	e936e223	origin/feat/p52-ai-switch-layer-v1	no	feat	INITIAL
feat/p53-ai-switch-layer-orch-hook-v1	2026-02-15	c117b9af	origin/feat/p53-ai-switch-layer-orch-hook-v1	no	feat	INITIAL
feat/p55-switch-layer-e2e-gated-v1	2026-02-15	5cbc8b60	none	no	feat	INITIAL
feat/p56-switch-layer-allowlist-routing-v1	2026-02-15	b0443ff4	none	no	feat	INITIAL
feat/p57-switch-layer-paper-shadow-integration-v1	2026-02-15	01710b55	origin/feat/p57-switch-layer-paper-shadow-integration-v1	no	feat	INITIAL
feat/p58-switch-layer-online-readiness-v1	2026-02-15	106a79ba	none	no	feat	INITIAL
feat/p59-ops-returntype-normalize-v1	2026-02-15	20719c28	origin/feat/p59-ops-returntype-normalize-v1	no	feat	INITIAL
feat/p5b-evidence-validator-required	2026-02-19	da4f4ef5	none	no	feat	INITIAL
feat/p5b-kickoff-20260211	2026-02-11	78b83bb6	origin/feat/p5b-kickoff-20260211	no	feat	INITIAL
feat/p61-online-readiness-contract-v1	2026-02-15	f414d25b	none	no	feat	INITIAL
feat/p62-online-readiness-shadow-session-v1	2026-02-15	63a387a3	none	no	feat	INITIAL
feat/p63-online-readiness-shadow-runner-v1	2026-02-15	5f79428c	none	no	feat	INITIAL
feat/p67-shadow-session-scheduler-v1	2026-02-15	93fbbe99	none	no	feat	INITIAL
feat/p68-p68-shadow-loop-runbook-v1	2026-02-15	0444b718	none	no	feat	INITIAL
feat/p69-repo-clean-baseline-pin-v1	2026-02-16	dc0ab35a	origin/feat/p69-repo-clean-baseline-pin-v1	no	feat	INITIAL
feat/p7-kickoff-20260211	2026-02-11	7c47cdea	origin/feat/p7-kickoff-20260211	no	feat	INITIAL
feat/p7-paper-sim-core	2026-02-19	9a4a97a6	none	no	feat	INITIAL
feat/p7-reconciliation-checks-20260211	2026-02-11	94513ac4	origin/feat/p7-reconciliation-checks-20260211	no	feat	INITIAL
feat/p72-shadowloop_pack_v1	2026-02-16	f4dfd00f	none	no	feat	INITIAL
feat/p74-p72-pack-env-contract-v1	2026-02-16	71cf01f8	origin/feat/p74-p72-pack-env-contract-v1	no	feat	INITIAL
feat/p76-online-readiness-go-no-go-v1	2026-02-16	e526d0fd	none	no	feat	INITIAL
feat/p77-online-readiness-daemon-v1	2026-02-16	01f726df	none	no	feat	INITIAL
feat/p78-online-readiness-supervisor-v1	2026-02-16	b7605aae	none	no	feat	INITIAL
feat/p79-supervisor-health-drift-guard-v1	2026-02-16	587ef768	origin/feat/p79-supervisor-health-drift-guard-v1	no	feat	INITIAL
feat/p82-supervisor-service-units-v1	2026-02-16	c9199845	origin/feat/p82-supervisor-service-units-v1	no	feat	INITIAL
feat/p83-final-done-pin-v1	2026-02-16	72dbd541	none	no	feat	INITIAL
feat/p84-service-units-safe-defaults-v1	2026-02-23	1728566e	origin/feat/p84-service-units-safe-defaults-v1	no	feat	INITIAL
feat/p85-live-data-ingest-readiness-v1	2026-02-16	856fcfbe	none	no	feat	INITIAL
feat/p86-online-readiness-plus-ingest-gate-v1	2026-02-16	397b3c9e	none	no	feat	INITIAL
feat/p90-supervisor-metrics-v1	2026-02-16	dc2f4968	origin/feat/p90-supervisor-metrics-v1	no	feat	INITIAL
feat/p91-doc-output-location-v1	2026-02-17	0163d459	origin/feat/p91-doc-output-location-v1	no	feat	INITIAL
feat/p92-p91-audit-snapshot-retention-v1	2026-02-16	cef9485f	origin/feat/p92-p91-audit-snapshot-retention-v1	no	feat	INITIAL
feat/p93-online-readiness-status-dashboard-v1	2026-02-16	ead539d9	none	no	feat	INITIAL
feat/p95-ops-health-meta-gate-v1	2026-02-16	8054bdf4	none	no	feat	INITIAL
feat/p96-p91-kickstart-when-ready-v1	2026-02-16	2a462f8c	origin/feat/p96-p91-kickstart-when-ready-v1	no	feat	INITIAL
feat/p99-ops-loop-cli-launchd-v1	2026-02-16	ab073574	origin/feat/p99-ops-loop-cli-launchd-v1	no	feat	INITIAL
feat/paper-audit-telemetry-summary-v1	2026-02-18	d4092980	none	no	feat	INITIAL
feat/paper-session-decision-context-capture-v1	2026-02-18	1dd55a76	none	no	feat	INITIAL
feat/paper-session-telemetry-summary-workflow-v1	2026-02-18	f82db717	none	no	feat	INITIAL
feat/paper-tests-telemetry-summary-phase-j	2026-02-18	d507b88a	none	no	feat	INITIAL
feat/phase-9a-duration-diagnostic	2025-12-29	0ae1427f	none	no	feat	INITIAL
feat/phase-k-nonempty-policy-telemetry-paper-tests	2026-02-18	37b46b8b	none	no	feat	INITIAL
feat/phase-l-real-policy-telemetry-paper-tests	2026-02-18	0746c97f	none	no	feat	INITIAL
feat/phase-m-regression-guards-real-policy	2026-02-18	fa73f1c3	none	no	feat	INITIAL
feat/phase-n-latest-pointers-and-registry	2026-02-18	3062bd39	none	no	feat	INITIAL
feat/phase-o-portable-registry-gh-references	2026-02-18	1fef4f77	none	no	feat	INITIAL
feat/phase-p-portable-verification-kit	2026-02-18	4d621e30	none	no	feat	INITIAL
feat/phase-q-operator-verify-entrypoint	2026-02-18	06055526	none	no	feat	INITIAL
feat/phase-r-ci-operator-verify-smoke	2026-02-18	67c94d22	none	no	feat	INITIAL
feat/phase-s-final-done-and-index	2026-02-18	77d09a84	none	no	feat	INITIAL
feat/phase-t-runbook-data-node-export-channel	2026-02-18	568b3d9b	origin/feat/phase-t-runbook-data-node-export-channel	no	feat	INITIAL
feat/phase-u-actionable-data-node-exporter	2026-02-18	1dbbd2f7	origin/feat/phase-u-actionable-data-node-exporter	no	feat	INITIAL
feat/phase-v-export-pack-hash-portability	2026-02-19	57354a27	origin/feat/phase-v-export-pack-hash-portability	no	feat	INITIAL
feat/phase-w-ci-export-pack-download-verify	2026-02-19	68212734	origin/feat/phase-w-ci-export-pack-download-verify	no	feat	INITIAL
feat/phase-w2-fastfail-missing-export-secrets	2026-02-19	bce21338	origin/feat/phase-w2-fastfail-missing-export-secrets	no	feat	INITIAL
feat/phase-x-hourly-dispatch-schedulers	2026-02-19	28e64831	none	no	feat	INITIAL
feat/policy-critic-exclude-tests-risklimit	2026-02-20	21fce60d	none	no	feat	INITIAL
feat/policy-enforcement-contract-tests-d2	2026-02-18	423583a2	none	no	feat	INITIAL
feat/policy-enforcer-v0-toggle	2026-02-18	3ed8fa44	none	no	feat	INITIAL
feat/policy-v1-cost-edge-gate	2026-02-18	a15e1c75	none	no	feat	INITIAL
feat/pr950-grafana-ux-pack-next	2026-02-12	73eadca8	origin/feat/pr950-grafana-ux-pack-next	no	feat	INITIAL
feat/praa-operating-rhythm-runbook	2026-02-23	d68ad427	origin/feat/praa-operating-rhythm-runbook	no	feat	INITIAL
feat/prab-health-dashboard-format	2026-02-23	a4eab5d7	origin/feat/prab-health-dashboard-format	no	feat	INITIAL
feat/prba-dashboard-kv-format	2026-02-23	aaff4200	origin/feat/prba-dashboard-kv-format	no	feat	INITIAL
feat/prbb-dashboard-json-v1	2026-02-23	44324e9d	origin/feat/prbb-dashboard-json-v1	no	feat	INITIAL
feat/prbc-stability-gate	2026-02-24	33c6c708	origin/feat/prbc-stability-gate	no	feat	INITIAL
feat/prbd-live-readiness-scorecard	2026-02-24	a0288636	origin/feat/prbd-live-readiness-scorecard	no	feat	INITIAL
feat/prbe-shadow-testnet-scorecard	2026-02-24	20a9c025	origin/feat/prbe-shadow-testnet-scorecard	no	feat	INITIAL
feat/prbe-workflow-nonfatal-scorecard	2026-02-24	57f5f8c0	origin/feat/prbe-workflow-nonfatal-scorecard	no	feat	INITIAL
feat/prbf-live-dryrun-checklist	2026-02-24	62c2749a	origin/feat/prbf-live-dryrun-checklist	no	feat	INITIAL
feat/prbg-execution-evidence-producer	2026-02-24	37abadc1	origin/feat/prbg-execution-evidence-producer	no	feat	INITIAL
feat/prbg-real-evidence-priority	2026-02-28	af2bc59d	none	no	feat	INITIAL
feat/prbg-sample-fallback	2026-02-28	7da9f49c	none	no	feat	INITIAL
feat/prbh-execution-events-wiring	2026-02-24	0ef64c99	none	no	feat	INITIAL
feat/prbi-live-pilot-scorecard	2026-02-24	86de409e	none	no	feat	INITIAL
feat/prbj-heartbeat-exec-events	2026-03-03	83d964d2	none	no	feat	INITIAL
feat/prbj-testnet-exec-events-artifact	2026-02-28	cc417ecf	none	no	feat	INITIAL
feat/prbj-timeout-raise	2026-03-01	2d3abc05	origin/feat/prbj-timeout-raise	no	feat	INITIAL
feat/prbk-prbg-consume-prbj-artifact	2026-02-28	03c50c18	none	no	feat	INITIAL
feat/prbn-live-pilot-kickoff-runbook	2026-03-03	2f7407c6	origin/feat/prbn-live-pilot-kickoff-runbook	no	feat	INITIAL
feat/prcc-aws-export-smoke	2026-03-01	73fa0125	origin/feat/prcc-aws-export-smoke	no	feat	INITIAL
feat/prcd-aws-export-write-smoke	2026-03-01	d1a9dbef	origin/feat/prcd-aws-export-write-smoke	no	feat	INITIAL
feat/prj-evidence-pack-pathfix	2026-02-20	e95e190d	none	no	feat	INITIAL
feat/prj-finalize-schedule	2026-02-20	46625dd1	none	no	feat	INITIAL
feat/prj-schedule-proof-cron5	2026-02-20	9d8f38db	none	no	feat	INITIAL
feat/prk-badge-lines-assert	2026-02-23	21519c2c	origin/feat/prk-badge-lines-assert	no	feat	INITIAL
feat/prk-gh-token-and-filename	2026-02-22	1dbdcf64	origin/feat/prk-gh-token-and-filename	no	feat	INITIAL
feat/prk-mock-profiles	2026-02-24	f4f990b6	origin/feat/prk-mock-profiles	no	feat	INITIAL
feat/prk-stable-runs-endpoint	2026-02-20	d1f5a6d6	origin/feat/prk-stable-runs-endpoint	no	feat	INITIAL
feat/prk-status-report	2026-02-20	9dd87773	origin/feat/prk-status-report	no	feat	INITIAL
feat/prk-workflow-lookup-pagination	2026-02-20	11de8314	origin/feat/prk-workflow-lookup-pagination	no	feat	INITIAL
feat/prl-closeout-index-registry	2026-02-22	b86f85ac	origin/feat/prl-closeout-index-registry	no	feat	INITIAL
feat/prm-prk-selftest	2026-02-22	287b18bb	origin/feat/prm-prk-selftest	no	feat	INITIAL
feat/prn-prk-retry-backoff	2026-02-22	8aad1e4d	origin/feat/prn-prk-retry-backoff	no	feat	INITIAL
feat/pro-prk-nightly-selfcheck	2026-02-22	6c0fb211	origin/feat/pro-prk-nightly-selfcheck	no	feat	INITIAL
feat/proposer-runtime-resolution-v1	2026-03-07	2019b934	origin/feat/proposer-runtime-resolution-v1	no	feat	INITIAL
feat/provider-model-binding-spec-v1	2026-03-07	745e7382	origin/feat/provider-model-binding-spec-v1	no	feat	INITIAL
feat/prp-prj-status-schema	2026-02-22	61763c18	none	no	feat	INITIAL
feat/prq-required-checks-on-workflows	2026-02-22	60e952a5	none	no	feat	INITIAL
feat/prr-prj-status-staleness	2026-02-22	a986aa2d	none	no	feat	INITIAL
feat/prs-prk-health-summary	2026-02-22	bf9c33ce	none	no	feat	INITIAL
feat/pru-required-checks-drift-detector	2026-02-22	d5d2264b	none	no	feat	INITIAL
feat/prw-drift-detector-branch-protection	2026-02-23	796e2237	none	no	feat	INITIAL
feat/prx-ops-status-cli	2026-02-22	6926879e	origin/feat/prx-ops-status-cli	no	feat	INITIAL
feat/pry-ci-trigger-tool	2026-02-23	be0a1a37	none	no	feat	INITIAL
feat/recover-launchagent-wrappers	2026-03-05	cffaecd4	origin/feat/recover-launchagent-wrappers	no	feat	INITIAL
feat/rename-dashboard-metrics-to-txt	2026-02-23	458414b6	origin/feat/rename-dashboard-metrics-to-txt	no	feat	INITIAL
feat/reporting-generator-d2-d3	2026-01-20	a7e3f1f5	none	no	feat	INITIAL
feat/research-cli-evidence-chain	2026-02-03	4fb4ef7c	none	no	feat	INITIAL
feat/runtime-unknown-resolution-v1	2026-03-07	c6f3cadc	origin/feat/runtime-unknown-resolution-v1	no	feat	INITIAL
feat/salvage-fix-p76-result-path-in-ticks	2026-03-05	58132aa7	none	yes	salvage	SAFE_DELETE_LOCAL_MERGED
feat/salvage-manual-p101-workbook-checklists-stop-playbook-v1	2026-03-05	81d19618	origin/feat/salvage-manual-p101-workbook-checklists-stop-playbook-v1	no	salvage	INITIAL
feat/salvage-manual-p118-sha256sums-no-xargs-v1	2026-03-05	bdf38800	none	yes	salvage	SAFE_DELETE_LOCAL_MERGED
feat/salvage-manual-p128-execution-networked-transport-stub-v1	2026-03-05	58132aa7	none	yes	salvage	SAFE_DELETE_LOCAL_MERGED
feat/salvage-manual-p22-roadmap-runbook-merge	2026-03-05	229a6234	none	no	salvage	INITIAL
feat/salvage-manual-p54-switch-layer-routing-v1	2026-03-05	58132aa7	none	yes	salvage	SAFE_DELETE_LOCAL_MERGED
feat/salvage-manual-p80-supervisor-stop-idempotent-v1	2026-03-05	bdf38800	none	yes	salvage	SAFE_DELETE_LOCAL_MERGED
feat/salvage-manual-p81-supervisor-service-hardening-v1	2026-03-05	bdf38800	none	yes	salvage	SAFE_DELETE_LOCAL_MERGED
feat/salvage-manual-p98-ops-loop-orchestrator-v1	2026-03-05	58132aa7	none	yes	salvage	SAFE_DELETE_LOCAL_MERGED
feat/salvage-ops-launchd-supervisor-subcommands-v1	2026-03-05	58132aa7	none	yes	salvage	SAFE_DELETE_LOCAL_MERGED
feat/salvage-ops_pr-drill-20260211T070830Z	2026-03-05	58132aa7	none	yes	salvage	SAFE_DELETE_LOCAL_MERGED
feat/salvage-p101-workbook-checklists-stop-playbook-v	2026-03-05	58132aa7	none	yes	salvage	SAFE_DELETE_LOCAL_MERGED
feat/salvage-p102-launchd-templates-p93-p94-v1	2026-03-05	58132aa7	none	yes	salvage	SAFE_DELETE_LOCAL_MERGED
feat/salvage-p105-exchange-execution-research-v1	2026-03-05	58132aa7	none	yes	salvage	SAFE_DELETE_LOCAL_MERGED
feat/salvage-p105-exchange-shortlist-v1	2026-03-05	58132aa7	none	yes	salvage	SAFE_DELETE_LOCAL_MERGED
feat/salvage-p105-readme-pointer-pin-v1	2026-03-05	58132aa7	none	yes	salvage	SAFE_DELETE_LOCAL_MERGED
feat/salvage-p111-execution-adapter-selector-v1	2026-03-05	58132aa7	none	yes	salvage	SAFE_DELETE_LOCAL_MERGED
feat/salvage-p118-sha256sums-no-xargs-v1	2026-03-05	58132aa7	none	yes	salvage	SAFE_DELETE_LOCAL_MERGED
feat/salvage-p122-execution-runbook-v1	2026-03-05	58132aa7	none	yes	salvage	SAFE_DELETE_LOCAL_MERGED
feat/salvage-p123-execution-networked-onramp-v1	2026-03-05	58132aa7	none	yes	salvage	SAFE_DELETE_LOCAL_MERGED
feat/salvage-p124-execution-networked-entry-contract-	2026-03-05	58132aa7	none	yes	salvage	SAFE_DELETE_LOCAL_MERGED
feat/salvage-p126-execution-networked-transport-stub-	2026-03-05	58132aa7	none	yes	salvage	SAFE_DELETE_LOCAL_MERGED
feat/salvage-p127-networked-provider-adapter-stub-v1	2026-03-05	58132aa7	none	yes	salvage	SAFE_DELETE_LOCAL_MERGED
feat/salvage-p128-execution-networked-transport-stub-	2026-03-05	58132aa7	none	yes	salvage	SAFE_DELETE_LOCAL_MERGED
feat/salvage-p13-kickoff	2026-03-05	58132aa7	none	yes	salvage	SAFE_DELETE_LOCAL_MERGED
feat/salvage-p130-networked-allowlist-stub-v1	2026-03-05	58132aa7	none	yes	salvage	SAFE_DELETE_LOCAL_MERGED
feat/salvage-p132-networked-transport-allow-handshake	2026-03-05	58132aa7	none	yes	salvage	SAFE_DELETE_LOCAL_MERGED
feat/salvage-p22-roadmap-runbook-merge	2026-03-05	58132aa7	none	yes	salvage	SAFE_DELETE_LOCAL_MERGED
feat/salvage-p27-execution-integration-v2	2026-03-05	58132aa7	none	yes	salvage	SAFE_DELETE_LOCAL_MERGED
feat/salvage-p28-backtest-loop-positions-cash-v1	2026-03-05	58132aa7	none	yes	salvage	SAFE_DELETE_LOCAL_MERGED
feat/salvage-p29-accounting-v2-avgcost-realizedpnl	2026-03-05	58132aa7	none	yes	salvage	SAFE_DELETE_LOCAL_MERGED
feat/salvage-p33-report-artifacts-v1	2026-03-05	58132aa7	none	yes	salvage	SAFE_DELETE_LOCAL_MERGED
feat/salvage-p51-ai-layer-guardrails-audit-v1	2026-03-05	58132aa7	none	yes	salvage	SAFE_DELETE_LOCAL_MERGED
feat/salvage-p54-switch-layer-routing-v1	2026-03-05	58132aa7	none	yes	salvage	SAFE_DELETE_LOCAL_MERGED
feat/salvage-p64-online-readiness-runner-v1	2026-03-05	58132aa7	none	yes	salvage	SAFE_DELETE_LOCAL_MERGED
feat/salvage-p65-online-readiness-loop-runner-v1	2026-03-05	58132aa7	none	yes	salvage	SAFE_DELETE_LOCAL_MERGED
feat/salvage-p66-online-readiness-operator-entrypoint	2026-03-05	58132aa7	none	yes	salvage	SAFE_DELETE_LOCAL_MERGED
feat/salvage-p75-p72-env-contract-tests-v1	2026-03-05	58132aa7	none	yes	salvage	SAFE_DELETE_LOCAL_MERGED
feat/salvage-p80-supervisor-stop-idempotent-v1	2026-03-05	58132aa7	none	yes	salvage	SAFE_DELETE_LOCAL_MERGED
feat/salvage-p81-supervisor-service-hardening-v1	2026-03-05	58132aa7	none	yes	salvage	SAFE_DELETE_LOCAL_MERGED
feat/salvage-p87-supervisor-plus-ingest-v1	2026-03-05	58132aa7	none	yes	salvage	SAFE_DELETE_LOCAL_MERGED
feat/salvage-p88-launchd-supervisor-smoke-script-v1	2026-03-05	58132aa7	none	yes	salvage	SAFE_DELETE_LOCAL_MERGED
feat/salvage-p92-audit-snapshot-runner-v1	2026-03-05	58132aa7	none	yes	salvage	SAFE_DELETE_LOCAL_MERGED
feat/salvage-p94-p93-status-dashboard-retention-v1	2026-03-05	58132aa7	none	yes	salvage	SAFE_DELETE_LOCAL_MERGED
feat/salvage-p97-p96-dry-run-sandbox-smoke	2026-03-05	58132aa7	none	yes	salvage	SAFE_DELETE_LOCAL_MERGED
feat/salvage-p98-ops-loop-orchestrator-v1	2026-03-05	58132aa7	none	yes	salvage	SAFE_DELETE_LOCAL_MERGED
feat/salvage-p99-guarded-plist-workingdir-v1	2026-03-05	58132aa7	none	yes	salvage	SAFE_DELETE_LOCAL_MERGED
feat/salvage-p99-launchd-hard-guardrails-v1	2026-03-05	58132aa7	none	yes	salvage	SAFE_DELETE_LOCAL_MERGED
feat/salvage-pr-ops-v1-closeout-ff-fix	2026-03-05	58132aa7	none	yes	salvage	SAFE_DELETE_LOCAL_MERGED
feat/salvage-pr-trigger-triage-v1	2026-03-05	58132aa7	none	yes	salvage	SAFE_DELETE_LOCAL_MERGED
feat/scheduled-shadow-paper-features-smoke-prj	2026-02-20	0d844145	none	no	feat	INITIAL
feat/security-treasury-separation-v1	2026-03-06	88ec54ac	none	no	feat	INITIAL
feat/shadow-phase1-infra	2025-12-25	bbb1758f	none	no	feat	INITIAL
feat/shadow-phase2-tick-ohlcv-quality	2025-12-27	d365ca8b	none	no	feat	INITIAL
feat/shadow-soak-audit	2026-02-16	922d4700	origin/feat/shadow-soak-audit	no	feat	INITIAL
feat/strategy-layer-vnext-runner	2025-12-23	4d913dbf	none	no	feat	INITIAL
feat/switch-gate-hysteresis-prc	2026-02-20	d9a339d0	none	no	feat	INITIAL
feat/techdebt-d-downcast-fillna-filter-removal	2026-01-28	4f3fd930	origin/feat/techdebt-d-downcast-fillna-filter-removal	no	feat	INITIAL
feat/testnet-emit-exec-events	2026-02-25	70f04397	origin/feat/testnet-emit-exec-events	no	feat	INITIAL
feat/testnet-execution-events-wiring	2026-02-24	65154a2d	origin/feat/testnet-execution-events-wiring	no	feat	INITIAL
feat/testnet-launch-and-exec-evidence-real	2026-02-24	7e1d339d	none	no	feat	INITIAL
feat/truth-rollout-v1	2026-03-07	24adebf8	origin/feat/truth-rollout-v1	no	feat	INITIAL
feat/wave5-bridge-into-aggregator	2026-02-27	aab02dd0	none	no	feat	INITIAL
feat/wave5-gap-audit-docs	2026-02-27	b8428106	none	no	feat	INITIAL
feat/webui-ops-cockpit-v2-1-truth-ux	2026-03-08	e5e34aa2	origin/feat/webui-ops-cockpit-v2-1-truth-ux	no	feat	INITIAL
feat/webui-ops-cockpit-v2-2-status-priority	2026-03-07	4940b1b2	none	yes	feat	SAFE_DELETE_LOCAL_MERGED
fix/aiops-ledger-export-run-id	2026-02-13	bfa93480	origin/fix/aiops-ledger-export-run-id	no	fix	INITIAL
fix/aiops-ledger-trend-seed-pattern	2026-02-13	fda3e910	origin/fix/aiops-ledger-trend-seed-pattern	no	fix	INITIAL
fix/aiops-trend-seed-use-l4-critic-v2	2026-02-05	2f2e138b	none	no	fix	INITIAL
fix/aiops-trendledger-mkdir-output	2026-02-13	75aef179	origin/fix/aiops-trendledger-mkdir-output	no	fix	INITIAL
fix/grafana-operator-unified-default-ds	2026-02-10	941fa904	none	no	fix	INITIAL
fix/grafana-signals-orders-datasource-pin	2026-02-12	9ba97abb	origin/fix/grafana-signals-orders-datasource-pin	no	fix	INITIAL
fix/infostream-durable-sink	2026-02-07	e32caafc	none	no	fix	INITIAL
fix/merge-status-dashboard-next-actions	2026-02-05	25bd232b	origin/fix/merge-status-dashboard-next-actions	no	fix	INITIAL
fix/obs-grafana-verify-v2-multiprom	2026-02-12	e6603fc2	origin/fix/obs-grafana-verify-v2-multiprom	no	fix	INITIAL
fix/obs-shadow-verify-prom-query-hardening	2026-01-23	a6a9a0ab	none	no	fix	INITIAL
fix/p71-add-missing-init-and-tests	2026-02-16	508f4ae2	none	no	fix	INITIAL
fix/p71-remove-iterations-plumbing	2026-02-16	76c7ee01	none	no	fix	INITIAL
fix/phase-s-add-done-marker	2026-02-18	2afb7366	none	no	fix	INITIAL
fix/phase-w1-job-if-secrets-422	2026-02-19	4cfd285f	none	no	fix	INITIAL
fix/phase-w1-workflow-dispatch-recognition	2026-02-19	6b9bd7eb	origin/fix/phase-w1-workflow-dispatch-recognition	no	fix	INITIAL
fix/phase-w3-pr-skip-when-secrets-missing	2026-02-19	9d18b931	none	no	fix	INITIAL
fix/phase-w5-ci-seed-pack-if-missing	2026-02-19	3d78ab09	none	no	fix	INITIAL
fix/pr1722-trigger-diagnostics	2026-03-09	cb13fbaf	none	no	fix	INITIAL
fix/prbj-install-deps	2026-03-01	c07e9916	none	no	fix	INITIAL
fix/prk-badge-validate-grep	2026-02-23	22212ae5	origin/fix/prk-badge-validate-grep	no	fix	INITIAL
fix/prometheus-local-scrape-config-recovery	2026-03-08	7b98a263	none	no	fix	INITIAL
fix/requirements-sync-clean	2025-12-27	327b3777	none	no	fix	INITIAL
fix/scheduled-workflow-actions-write	2026-02-19	a248e5cd	none	no	fix	INITIAL
fix/untrack-out-ops-scratch	2026-02-18	ec1e13e5	none	yes	fix	SAFE_DELETE_LOCAL_MERGED
fix/untrack-out-ops-scratch-v2	2026-02-18	9add36bd	none	no	fix	INITIAL
fix/weekly-core-audit-permissions	2026-02-18	12b0a041	none	no	fix	INITIAL
focused-hofstadter	2025-12-13	27faa2ca	none	no	cursor_name	INITIAL
gifted-spence-765a	2025-12-16	4448bb83	none	no	other	INITIAL
gifted-yonath	2025-12-12	40fc9afc	none	no	cursor_name	INITIAL
goofy-ellis	2025-12-13	93407d71	none	no	cursor_name	INITIAL
goofy-jemison	2025-12-15	42129192	none	no	cursor_name	INITIAL
governance/add-l3-capability-scope	2026-02-06	ad5b33a0	none	no	governance	INITIAL
gracious-ellis	2025-12-15	42129192	none	no	cursor_name	INITIAL
happy-tereshkova	2025-12-16	21c92ffe	none	no	cursor_name	INITIAL
heuristic-nash	2025-12-17	11f108cf	none	no	cursor_name	INITIAL
hotfix/policy-critic-ci-gate	2025-12-12	ef43c8e2	origin/main	no	other	INITIAL
inspiring-yonath	2025-12-15	42129192	none	no	cursor_name	INITIAL
intelligent-chandrasekhar	2025-12-17	11f108cf	none	no	cursor_name	INITIAL
interesting-turing	2025-12-18	c295ee60	none	no	cursor_name	INITIAL
jolly-rubin	2025-12-18	c295ee60	none	no	cursor_name	INITIAL
keen-gates	2025-12-10	4a39f18a	none	no	cursor_name	INITIAL
kind-mcclintock	2025-12-12	86b7c46d	none	no	cursor_name	INITIAL
magical-germain	2025-12-18	c295ee60	none	no	cursor_name	INITIAL
main	2026-03-10	d2b81d58	origin/main	yes	main	INITIAL
naughty-germain	2025-12-15	e3baf353	none	no	cursor_name	INITIAL
nice-panini	2025-12-12	3a6bee28	none	no	cursor_name	INITIAL
nifty-black	2025-12-16	7b5b54e4	none	no	cursor_name	INITIAL
nostalgic-bohr	2025-12-16	51917393	none	no	cursor_name	INITIAL
objective-jemison	2025-12-16	771b65d5	none	no	cursor_name	INITIAL
obs/grafana-ds-fix-v1-20260125T003136Z	2026-02-12	3879d3fb	origin/obs/grafana-ds-fix-v1-20260125T003136Z	no	obs	INITIAL
obs/grafana-verify-token-auth	2026-01-27	d67d2493	origin/obs/grafana-verify-token-auth	no	obs	INITIAL
ops/ai-live-exporter-venv	2026-02-06	58526c82	none	no	ops	INITIAL
ops/ci-pr-gate-sanity-script	2026-02-07	908088bc	origin/ops/ci-pr-gate-sanity-script	no	ops	INITIAL
ops/cmes-evidence-sidecar-verify	2026-02-08	54d89878	none	no	ops	INITIAL
ops/compose-resolver-obse-ailive	2026-02-06	d680ac9b	none	no	ops	INITIAL
ops/cursor-ma-archive-tracked	2026-02-07	f5233a8e	none	no	ops	INITIAL
ops/cursor-ma-oneblock-helper	2026-02-19	2d820e6e	none	no	ops	INITIAL
ops/fix-merge-status-dashboard-markers	2026-02-03	3156856c	none	no	ops	INITIAL
ops/grafana-ds-fix-gate-20260125T013427Z	2026-01-25	8cac5dc0	none	no	ops	INITIAL
ops/local-main-safety-20260103_194148	2026-01-03	c5ec77f4	none	no	ops	INITIAL
ops/ma-cli-ux	2026-02-07	d7888d3f	none	no	ops	INITIAL
ops/merge-status-dashboard	2026-02-03	eaabc793	none	no	ops	INITIAL
ops/phase-h-todo-index	2026-02-12	1108e697	origin/ops/phase-h-todo-index	no	ops	INITIAL
ops/runbook-prom-9094-9095	2026-02-06	36c66c43	none	no	ops	INITIAL
ops/unified-dashboard-shadow-pin-generator	2026-02-06	eff22ec8	none	no	ops	INITIAL
peaceful-darwin	2025-12-15	42129192	none	no	cursor_name	INITIAL
peaceful-mahavira	2025-12-15	42129192	none	no	cursor_name	INITIAL
peaceful-roentgen	2025-12-15	42129192	none	no	cursor_name	INITIAL
pr-01-status-evidence-contract	2026-02-02	abf33ba4	none	no	other	INITIAL
pr-02-kill-switch-enforcement	2026-02-02	7fe2a5a7	none	no	other	INITIAL
pr-03-escalation-providers	2026-02-02	7fe2a5a7	none	no	other	INITIAL
pr-03b-pagerduty-http-guarded	2026-02-02	36e30b90	none	no	other	INITIAL
pr-05-port-collision-9111	2026-02-02	b3438f48	none	no	other	INITIAL
pr-179	2025-12-20	18da7986	none	no	other	INITIAL
pr-256	2025-12-23	e6d5d1db	none	no	other	INITIAL
practical-murdock	2025-12-15	09472d6d	none	no	cursor_name	INITIAL
recover/fix-p76-result-path-in-ticks	2026-02-16	faef7e10	none	no	recover	INITIAL
recover/ops-launchd-supervisor-subcommands-v1	2026-02-16	257a2dc1	none	no	recover	INITIAL
recover/ops_pr-drill-20260211T070830Z	2026-02-11	62d28af0	none	no	recover	INITIAL
recover/p101-workbook-checklists-stop-playbook-v1	2026-03-05	19c84a58	none	no	recover	INITIAL
recover/p102-launchd-templates-p93-p94-v1	2026-02-16	c021c6f3	none	no	recover	INITIAL
recover/p105-exchange-execution-research-v1	2026-02-16	bc58deb8	none	no	recover	INITIAL
recover/p105-exchange-shortlist-v1	2026-02-16	a719ebf3	none	no	recover	INITIAL
recover/p105-readme-pointer-pin-v1	2026-02-17	00437663	none	no	recover	INITIAL
recover/p111-execution-adapter-selector-v1	2026-02-17	7353399a	none	no	recover	INITIAL
recover/p118-sha256sums-no-xargs-v1	2026-03-05	bdf38800	none	yes	recover	SAFE_DELETE_LOCAL_MERGED
recover/p122-execution-runbook-v1	2026-02-17	c571ec68	none	no	recover	INITIAL
recover/p123-execution-networked-onramp-v1	2026-02-17	f578ebbd	none	no	recover	INITIAL
recover/p124-execution-networked-entry-contract-v1	2026-02-17	5f0cfb75	none	no	recover	INITIAL
recover/p126-execution-networked-transport-stub-v1	2026-02-17	9aa34be1	none	no	recover	INITIAL
recover/p127-networked-provider-adapter-stub-v1	2026-02-17	3f15b7f0	none	no	recover	INITIAL
recover/p128-execution-networked-transport-stub-v1	2026-03-05	58132aa7	none	yes	recover	SAFE_DELETE_LOCAL_MERGED
recover/p13-kickoff	2026-02-11	a8def44d	none	no	recover	INITIAL
recover/p130-networked-allowlist-stub-v1	2026-02-17	4ddd525e	none	no	recover	INITIAL
recover/p132-networked-transport-allow-handshake-v1	2026-02-17	83de8bef	none	no	recover	INITIAL
recover/p22-roadmap-runbook-merge	2026-03-05	e9199803	none	no	recover	INITIAL
recover/p27-execution-integration-v2	2026-02-12	bb5ebfe7	none	no	recover	INITIAL
recover/p28-backtest-loop-positions-cash-v1	2026-02-12	3500ed87	none	no	recover	INITIAL
recover/p29-accounting-v2-avgcost-realizedpnl	2026-02-12	bd75264d	none	no	recover	INITIAL
recover/p33-report-artifacts-v1	2026-02-13	421f2e47	none	no	recover	INITIAL
recover/p51-ai-layer-guardrails-audit-v1	2026-02-15	c46d211b	none	no	recover	INITIAL
recover/p54-switch-layer-routing-v1	2026-03-05	58132aa7	none	yes	recover	SAFE_DELETE_LOCAL_MERGED
recover/p64-online-readiness-runner-v1	2026-02-15	072a9b34	none	no	recover	INITIAL
recover/p65-online-readiness-loop-runner-v1	2026-02-15	4a42636a	none	no	recover	INITIAL
recover/p66-online-readiness-operator-entrypoint-v1	2026-02-15	dafa0917	none	no	recover	INITIAL
recover/p75-p72-env-contract-tests-v1	2026-02-16	5c478bec	none	no	recover	INITIAL
recover/p80-supervisor-stop-idempotent-v1	2026-03-05	5e02064b	none	no	recover	INITIAL
recover/p81-supervisor-service-hardening-v1	2026-03-05	bdf38800	none	yes	recover	SAFE_DELETE_LOCAL_MERGED
recover/p87-supervisor-plus-ingest-v1	2026-02-16	9f28a986	none	no	recover	INITIAL
recover/p88-launchd-supervisor-smoke-script-v1	2026-02-16	044ba666	none	no	recover	INITIAL
recover/p92-audit-snapshot-runner-v1	2026-02-16	db293be0	none	no	recover	INITIAL
recover/p94-p93-status-dashboard-retention-v1	2026-02-16	aa69dab9	none	no	recover	INITIAL
recover/p97-p96-dry-run-sandbox-smoke	2026-02-16	a5fae6ca	none	no	recover	INITIAL
recover/p98-ops-loop-orchestrator-v1	2026-03-05	58132aa7	none	yes	recover	SAFE_DELETE_LOCAL_MERGED
recover/p99-guarded-plist-workingdir-v1	2026-02-16	167179e0	none	no	recover	INITIAL
recover/p99-launchd-hard-guardrails-v1	2026-03-05	ee143f54	none	no	recover	INITIAL
recover/pr-ops-v1-closeout-ff-fix	2026-02-13	7e25f947	none	no	recover	INITIAL
recover/pr-trigger-triage-v1	2026-02-15	2eee923d	none	no	recover	INITIAL
recover/stash-2	2026-01-27	d629cd66	none	no	recover	INITIAL
recover/stash-3	2026-01-24	7925bd7a	none	no	recover	INITIAL
relaxed-swirles	2025-12-18	c295ee60	none	no	cursor_name	INITIAL
restore/pr__observability-compose-only-from-bundle	2026-01-16	0f9db2dc	none	no	restore	INITIAL
reverent-varahamihira	2025-12-16	f28ae8e8	none	no	cursor_name	INITIAL
romantic-pare	2025-12-15	42129192	none	no	cursor_name	INITIAL
serene-buck	2025-12-16	c0fc404f	none	no	cursor_name	INITIAL
silly-moore	2025-12-15	62e06d05	none	no	cursor_name	INITIAL
stoic-ramanujan	2025-12-12	4fcb11a1	none	no	cursor_name	INITIAL
tender-elion	2025-12-12	81fbe7f6	none	no	cursor_name	INITIAL
test/ci-gate-block-trigger	2025-12-12	a9a5d65c	none	no	other	INITIAL
tmp/docs-runbook-to-finish-clean	2026-01-21	b1da3361	origin/main	no	tmp	INITIAL
tmp/stack-test	2026-01-28	9ecbb4f5	origin/feat/slice2-ledger-legacy-plumbing	no	tmp	INITIAL
vigorous-cray	2025-12-15	42129192	none	no	cursor_name	INITIAL
wip/local-uncommitted-20260128	2026-01-28	76b611bc	none	no	wip	INITIAL
wip/local-unrelated-20260127-205436	2026-01-27	d629cd66	none	no	wip	INITIAL
wip/pausepoint-branch-cleanup-recovery-20260124T133039Z	2026-01-24	dbf382f0	origin/wip/pausepoint-branch-cleanup-recovery-20260124T133039Z	no	wip	INITIAL
wip/restore-stash-after-pr432	2025-12-29	130d2894	none	no	wip	INITIAL
wip/restore-stash-operator-pack	2025-12-12	3a6bee28	none	no	wip	INITIAL
wip/salvage-code-tests-untracked-20251224_082521	2025-12-24	de6b3f70	none	no	salvage	INITIAL
wip/salvage-dirty-main-20260118	2026-01-18	1f654db3	none	no	salvage	INITIAL
wip/untracked-salvage-20251224_081737	2025-12-24	60ed5677	none	no	salvage	INITIAL
wonderful-gagarin	2025-12-12	cc106984	none	no	cursor_name	INITIAL